id,Churn
0,0.030627730507546958
1,0.7255142792973548
2,0.6787455647513159
3,0.01742866581072332
4,0.0025101635922707847
5,0.10418032262014522
6,0.433280303487286
7,0.26162831954401566
8,0.030032477672307763
9,0.3807577410017062
10,0.173434157102116
11,0.2274523411100055
12,0.2651462908493248
13,0.1202080317091043
14,0.010086194031520071
15,0.03480781159095261
16,0.15802289050987633
17,0.29180387737506175
18,0.010632987940302378
19,0.022516455310087554
20,0.18194379910822628
21,0.008519011469790073
22,0.7422693991162581
23,0.4023466365920904
24,0.1360998359698208
25,0.5089776965942243
26,0.09358414612146372
27,0.017189552622787336
28,0.023259429544621558
29,0.002858677149458409
30,0.5137812583062623
31,0.32267419686194165
32,0.8045041900241372
33,0.5596528137158883
34,0.06574838934294189
35,0.06069835822501185
36,0.5060409858044533
37,0.05677654479721162
38,0.0985478005991801
39,0.01733901138895432
40,0.32958132491268227
41,0.6442282918954508
42,0.44126030551205686
43,0.1787917011793414
44,0.275959871078909
45,0.3407669744316437
46,0.1110216979101945
47,0.07216375585503941
48,0.34079433809302473
49,0.2844515970838396
50,0.3239407071667277
51,0.720908286459726
52,0.27334213633307153
53,0.16980758020636474
54,0.4074412917831942
55,0.00701241389211483
56,0.01394960332855752
57,0.6278244281856112
58,0.6829952072305036
59,0.2480338305577888
60,0.01912417571078851
61,0.4303461496668585
62,0.14177413152213958
63,0.06499812333775508
64,0.7650327916128057
65,0.006204130332883863
66,0.2108306488605153
67,0.5270084116773764
68,0.018660114261458145
69,0.5922032193025555
70,0.5541506637284096
71,0.4980688713399112
72,0.037857075257724054
73,0.5184422198649479
74,0.919003323189674
75,0.026526655090202064
76,0.0915483312422992
77,0.029544252888978734
78,0.1739761617698934
79,0.01051377399360789
80,0.47568639376800764
81,0.6991487847830734
82,0.8249274870093706
83,0.19366061492675993
84,0.2988583808022798
85,0.04378374132964253
86,0.06856619159363414
87,0.4286618770471575
88,0.3079329776742222
89,0.2988583808022798
90,0.12683545087197892
91,0.12018605754982153
92,0.8922595147367411
93,0.8596400222854724
94,0.00258659894976317
95,0.02205623504484693
96,0.1438829092366724
97,0.7860893506076515
98,0.3015232550785402
99,0.7135980480065633
100,0.017535939671414775
101,0.9168145256831108
102,0.006159924528696002
103,0.5950531653711012
104,0.0031271886319185495
105,0.8794977294375301
106,0.2242730183643841
107,0.11881427248722186
108,0.004817771643402411
109,0.15130453561900709
110,0.14591995285981513
111,0.06925037028582812
112,0.5166500485697315
113,0.28066540417705627
114,0.0028061309727606784
115,0.8192921058432476
116,0.01446190352879982
117,0.005786111968255973
118,0.021340628906635746
119,0.7926168019141564
120,0.06917596462252325
121,0.09322666903370544
122,0.23151805546401336
123,0.39035486125133995
124,0.2165322989362975
125,0.2249597194059586
126,0.7134809720725404
127,0.28124803841764534
128,0.14403030493502206
129,0.21874057998605753
130,0.10129394555190677
131,0.06513149905428568
132,0.007536952885304207
133,0.029063264897452645
134,0.2872076958967597
135,0.059644995798681044
136,0.057401971813839645
137,0.010372920900298656
138,0.03413827388406047
139,0.13932556571401475
140,0.009378559852222223
141,0.008009605732314289
142,0.1598994225903659
143,0.13437527381224842
144,0.20345896952205847
145,0.11017747449396272
146,0.27135432890587385
147,0.007999876354505275
148,0.004976835343255088
149,0.8050403298531168
150,0.030859033901774382
151,0.5908201336008935
152,0.39778093033393197
153,0.007837734697313659
154,0.23872466192178432
155,0.9101106887875969
156,0.02483247739485607
157,0.12264899025777727
158,0.02523313973113891
159,0.06990995398536669
160,0.2629381581852596
161,0.6387616140643058
162,0.056329986447815804
163,0.014336711444072846
164,0.5365117959083233
165,0.06373466865200922
166,0.04521542416902969
167,0.07941383147965195
168,0.015432777616276708
169,0.4639255302471014
170,0.9255842624916458
171,0.018580730767741478
172,0.42115384016844315
173,0.33958695771353287
174,0.06364287145155355
175,0.39380854864904574
176,0.08944248994399617
177,0.008791372709784742
178,0.022026471531749123
179,0.8503883063842043
180,0.22837111086368891
181,0.07657439908436905
182,0.0664936448152737
183,0.08201989697051983
184,0.14821154446242832
185,0.010857469596857221
186,0.10956572807655598
187,0.006531705431257873
188,0.021559698351684184
189,0.020080730166482725
190,0.02067627184096718
191,0.007582910079318869
192,0.14019427887761754
193,0.04248867536897167
194,0.3731508240633399
195,0.1262105538008585
196,0.026992109891926512
197,0.18129671361545585
198,0.3335052933263906
199,0.5385938405031537
200,0.4557725063881697
201,0.7124020974997869
202,0.19132632509343925
203,0.7747905376336802
204,0.15294666426356518
205,0.008906035355217602
206,0.060406845093190775
207,0.6425630382323765
208,0.6622690384225137
209,0.5254042017466476
210,0.2852545906296754
211,0.08448209058082157
212,0.48733853878774414
213,0.021462303383353355
214,0.021267684322335428
215,0.7169140563664247
216,0.9233169260419923
217,0.8717611480829882
218,0.19141278025100616
219,0.4918290720539864
220,0.409454372297448
221,0.028586554146535492
222,0.026786046604675616
223,0.11370026830948338
224,0.0060433684802880935
225,0.5843781547201552
226,0.24352838966209003
227,0.05419776225727654
228,0.4494929716912854
229,0.4242510348873734
230,0.007431505686499366
231,0.011682928078776073
232,0.2359599651398372
233,0.007144781935170691
234,0.025387584773256103
235,0.01691307216592589
236,0.7886637882572752
237,0.3066239118325011
238,0.045364234072214044
239,0.3761558393047009
240,0.16906353329550197
241,0.03093638188278123
242,0.05936163916113305
243,0.40881439203514097
244,0.036246527091875154
245,0.15812732280739508
246,0.020226236253400243
247,0.0023138284995293168
248,0.035149346986614045
249,0.011627898547272478
250,0.0019629115279874063
251,0.023297210269844437
252,0.0976633438881265
253,0.4294753280550016
254,0.3578411595692487
255,0.5895876275042122
256,0.07242367902111062
257,0.09946090730163555
258,0.14614703605997437
259,0.6729091352231419
260,0.10855176337330277
261,0.24593916531690346
262,0.23828293518679453
263,0.5753256647721096
264,0.6314954235373379
265,0.42956161694566675
266,0.6694662264137418
267,0.19923423512439423
268,0.1044178499131843
269,0.09482801124536157
270,0.011143877078726097
271,0.005272358482993959
272,0.37418905999367685
273,0.5146436188621624
274,0.027431739942270283
275,0.3030113876853369
276,0.012449873805799257
277,0.08176356539107549
278,0.09650494408839337
279,0.016441361732886833
280,0.5488188333317734
281,0.06584895321427348
282,0.5839624831139917
283,0.00289867867658411
284,0.118153444980365
285,0.009627730642017995
286,0.00643539279856063
287,0.006930356456768168
288,0.09738854583636498
289,0.7125691813747116
290,0.38178110628940143
291,0.6581047891146684
292,0.033954876783855496
293,0.42462119288132116
294,0.4278869048444563
295,0.047238918355798375
296,0.07860632489932523
297,0.5654700854568412
298,0.0025101635922707847
299,0.24609692274252692
300,0.022490800139155616
301,0.13014961270280265
302,0.14577338771343598
303,0.7492358068095771
304,0.00670789621272038
305,0.1680528926041532
306,0.288482849943124
307,0.5567702266447748
308,0.5951929464875245
309,0.9062867511652312
310,0.02667072009597721
311,0.004380039554032544
312,0.09355400261767084
313,0.02989402466447
314,0.33323061086998657
315,0.884722642814937
316,0.028527243953932517
317,0.1391332512928525
318,0.7334814325695435
319,0.5310255882240653
320,0.3823082505287683
321,0.6068725804276424
322,0.3723135864832847
323,0.10404457258289654
324,0.015867609552353733
325,0.8705038564652385
326,0.014249469718995409
327,0.18865551988344853
328,0.0028953730144883408
329,0.3832700230016115
330,0.12787398767589392
331,0.3270316509242393
332,0.3225588138413169
333,0.20764462213663606
334,0.6642873678013271
335,0.12331599464997943
336,0.009158506396626114
337,0.25120092496386814
338,0.017107232845209746
339,0.022794905728256723
340,0.4225054945583913
341,0.24281028579052383
342,0.07911830641537569
343,0.2158483032777477
344,0.006787480511198087
345,0.01733901138895432
346,0.419368380658839
347,0.5053353635427945
348,0.006448770039832638
349,0.29980948184919354
350,0.04312663778502992
351,0.02432248975193902
352,0.3645309129093116
353,0.06646462140015895
354,0.3488684468251745
355,0.0090042275427777
356,0.8014908995745571
357,0.5519630810983817
358,0.610945268634214
359,0.47638084438913153
360,0.280297493168007
361,0.01966711931641142
362,0.30476372349873176
363,0.09890164651947415
364,0.4151094931682828
365,0.009326463162252047
366,0.04311791774604148
367,0.18880725941504978
368,0.11616569133933827
369,0.08225600802630703
370,0.061447387208576225
371,0.2610459890248364
372,0.022030398069772594
373,0.7945743311663985
374,0.009364714877383315
375,0.12290110086684074
376,0.25738003163227713
377,0.11397722629194997
378,0.7208287483340747
379,0.557951196204589
380,0.18593213288334376
381,0.04910422528802905
382,0.0229971406844648
383,0.3655344215287066
384,0.2834707860479708
385,0.5581603371112422
386,0.5499485635402194
387,0.00863252824684759
388,0.004231674983915028
389,0.008487361537626721
390,0.7420165107167945
391,0.012260866627978826
392,0.613946974974007
393,0.3621248931812462
394,0.04441321537792326
395,0.399552020120912
396,0.01733901138895432
397,0.027528368231415242
398,0.17235199276763458
399,0.01093835090137012
400,0.4552015657870433
401,0.14910962395426283
402,0.005934765574892432
403,0.1557930866710515
404,0.015479780705737536
405,0.5709068184064332
406,0.6527878423614547
407,0.34431870500286715
408,0.31463054207517344
409,0.006921254697352884
410,0.09201288130112864
411,0.06000912241095031
412,0.5198378004999784
413,0.5566084689764464
414,0.34079433809302473
415,0.14393644749054524
416,0.010808446032297197
417,0.4057292735646774
418,0.044017644274175836
419,0.07465719943510607
420,0.47431414390862003
421,0.17239831562171418
422,0.5246072103945721
423,0.06382147293413098
424,0.10205432393746079
425,0.6791845870156301
426,0.1652421939588849
427,0.032644104934834065
428,0.8979246129096039
429,0.30918724283617743
430,0.03635108223782911
431,0.06872859953974444
432,0.5945423996901462
433,0.8172577753752733
434,0.6678897378421359
435,0.7463165680383419
436,0.005279896511189516
437,0.020835380558705537
438,0.20906488512853563
439,0.3796146905628638
440,0.1497328032020356
441,0.2477143228754851
442,0.2073538081813081
443,0.02387946710982971
444,0.4011179271095799
445,0.005814624262574189
446,0.01531282646572235
447,0.02262913531032277
448,0.4693560698787623
449,0.04737231388719225
450,0.5627302979145352
451,0.5369584874037147
452,0.006227769024912037
453,0.5476346214171104
454,0.04064137321804103
455,0.14164603795773623
456,0.2110340714274954
457,0.0030639719195792526
458,0.02646614505652275
459,0.07535448998676711
460,0.1935858154456549
461,0.009179911238133684
462,0.011816199063516495
463,0.019713056211623965
464,0.5053353635427945
465,0.1884610563118334
466,0.021268892513977927
467,0.6957387589202851
468,0.2653328933216203
469,0.04051759692804573
470,0.37359987399245576
471,0.3884153083428814
472,0.34079433809302473
473,0.18105309142977788
474,0.475348350443003
475,0.04392555289147298
476,0.7106730987466247
477,0.02189082882470983
478,0.10599911649664022
479,0.20039833524801404
480,0.19911797082911656
481,0.023196176898379037
482,0.2574252517512578
483,0.5776827661020489
484,0.0386346350183593
485,0.30613535255948976
486,0.45825156394286387
487,0.3812901083747972
488,0.010394506124009844
489,0.06208767021265489
490,0.8942771918063759
491,0.5713315176083611
492,0.2856097063230033
493,0.06677986082426575
494,0.059143657989182405
495,0.018894988897497453
496,0.041058417158568325
497,0.05725648857482808
498,0.6278077984666676
499,0.06599127051652799
500,0.8241608494514485
501,0.015424588979823534
502,0.1567786333599165
503,0.3763155685985612
504,0.3114054763659969
505,0.011962270311964077
506,0.17857917299941473
507,0.3182221817556348
508,0.635397350096714
509,0.08032722448771934
510,0.8190640760512361
511,0.25036069473430694
512,0.6194745986337582
513,0.31849125738814354
514,0.15678356924217798
515,0.05345231549574712
516,0.31961228993363844
517,0.9208402414995293
518,0.39690807985771553
519,0.004459765255903934
520,0.48183568718180564
521,0.02080551651516486
522,0.011695707073226555
523,0.16573411789488496
524,0.9212752706222987
525,0.0990128264563331
526,0.36508513807106385
527,0.09698589947316293
528,0.5746833911389895
529,0.10348490345902905
530,0.027853256949302352
531,0.06377062138325831
532,0.08368941908941037
533,0.31689780038862814
534,0.828503163167299
535,0.675494607993791
536,0.45001283533149145
537,0.053913065386462664
538,0.4057396564290647
539,0.1689097844962523
540,0.5562481797886675
541,0.6959348193566816
542,0.17591522685347433
543,0.17026183885451995
544,0.1249707336715194
545,0.252944015187109
546,0.41153685245820154
547,0.035123200913396116
548,0.31558771643967254
549,0.041720180433114054
550,0.053571437960135304
551,0.02903110845061441
552,0.005949766277349824
553,0.2253594967042406
554,0.08913452228082518
555,0.07738041263648349
556,0.7072131651567641
557,0.6397247844600867
558,0.08947731200501034
559,0.3061299279570658
560,0.38202449393590676
561,0.008808230168251802
562,0.03942372837441603
563,0.008896575000245275
564,0.22085390767727475
565,0.3077936150508445
566,0.6574012263204981
567,0.08207200227944071
568,0.5941093667991301
569,0.10564221049843187
570,0.006554074597463136
571,0.6839360390113521
572,0.7093225853454257
573,0.202655979046936
574,0.01989129187030261
575,0.29870971992798634
576,0.2312114423843706
577,0.48168237637800004
578,0.5038678640658033
579,0.8682790055400892
580,0.021645469603287757
581,0.5161932802099691
582,0.003719773528769141
583,0.022987021451232645
584,0.1919629751594271
585,0.02196541133375722
586,0.0980891815569134
587,0.05551303704072342
588,0.8587712898605561
589,0.3281146930156097
590,0.9559742174845034
591,0.02517787785719925
592,0.576604395521262
593,0.05776335943990562
594,0.34366473282668536
595,0.531672186004707
596,0.006159924528696002
597,0.43452012891781194
598,0.3915987026666445
599,0.02819144795875815
600,0.002535452714800454
601,0.11508997938838339
602,0.07340741987250468
603,0.552198883147111
604,0.03847245900023502
605,0.32898534789539824
606,0.11950360953097465
607,0.6275367291604668
608,0.05525583148382231
609,0.1748406616016563
610,0.5510875634111612
611,0.1884610563118334
612,0.34192680006889
613,0.1682802263609018
614,0.02736398592729181
615,0.00615797260367607
616,0.4499034394541735
617,0.19575006337434325
618,0.00990282476960024
619,0.19328545088734958
620,0.03249233812990709
621,0.28055767761961
622,0.7860893506076515
623,0.8813326767870354
624,0.028059900437843413
625,0.12565207490922628
626,0.019533398611265483
627,0.009666128521147463
628,0.688204401895349
629,0.11313898735481014
630,0.5931632684422982
631,0.027894207803670558
632,0.5252353181376944
633,0.023291158471112378
634,0.48854542931277395
635,0.017293240111038683
636,0.028409457308343357
637,0.21382373511690198
638,0.11339881842289908
639,0.5521390699244771
640,0.8865139355242001
641,0.20733581539789053
642,0.2131678580071169
643,0.08330058201818362
644,0.4191817713543075
645,0.02640418803504173
646,0.12583575016999882
647,0.1116123369891192
648,0.007247852750753741
649,0.03171872062792941
650,0.02013086089374074
651,0.776987958395437
652,0.02084476293462877
653,0.2049752585418075
654,0.2955909100229884
655,0.5550164458863508
656,0.14444552841268327
657,0.13810515808461776
658,0.01131659714440311
659,0.32951175993607773
660,0.02542257066207312
661,0.03930375543929684
662,0.36480395974050356
663,0.3637330499908094
664,0.03351503093463246
665,0.6704130215355012
666,0.9350326628418956
667,0.16568337739172234
668,0.016450006053899874
669,0.008801641046109202
670,0.01897522956397489
671,0.5427116510374244
672,0.5737417768435417
673,0.273842318258132
674,0.7512874174795675
675,0.10534537058009544
676,0.0067305622711866355
677,0.2872361477002365
678,0.3642903678180401
679,0.6954231661981677
680,0.5065044931994169
681,0.18387616626283593
682,0.0052038517700677325
683,0.3708597826444606
684,0.06499202779916677
685,0.17863465054746575
686,0.01670865893765758
687,0.012662832877297834
688,0.2838908177585407
689,0.253577819578406
690,0.6446623950329914
691,0.8756803101457894
692,0.2687059455113452
693,0.21796966432520673
694,0.01131659714440311
695,0.6024416901538676
696,0.2506733678763938
697,0.004706952116966367
698,0.036732167130593144
699,0.1279825766498874
700,0.047671852934528317
701,0.11003548125346713
702,0.15829663962083623
703,0.07668901352534627
704,0.9078907431751081
705,0.009376890389593658
706,0.037397907012134544
707,0.785385010391877
708,0.016784403016083367
709,0.09336241217204294
710,0.0284302577181303
711,0.2703236193166539
712,0.26654650734991586
713,0.32747933246973815
714,0.17877076548669976
715,0.12536971613178827
716,0.8126162846004216
717,0.022148982022087454
718,0.4479550087327007
719,0.8477521353422827
720,0.07697781693094922
721,0.18063094328442497
722,0.1907901683730977
723,0.4426735652663479
724,0.05309749581353401
725,0.7225078228510928
726,0.006417694284906857
727,0.43440085329696454
728,0.25332070375384297
729,0.01798940260714253
730,0.006906696296519298
731,0.7201438253002569
732,0.007449924578962376
733,0.01956200610498843
734,0.03951727146321137
735,0.47057162557617127
736,0.020300028969402903
737,0.1873905267895094
738,0.4845818400010322
739,0.3771472710859655
740,0.19468450922743052
741,0.40669574826644433
742,0.31177151534763076
743,0.5377563943399645
744,0.09274573215613144
745,0.22523585050094275
746,0.08809982883514735
747,0.3658254534441602
748,0.009893826566477405
749,0.5575443559236571
750,0.4058358498271088
751,0.048991838454423474
752,0.1548595710639652
753,0.0862768730391649
754,0.5215084435889368
755,0.11655236834850222
756,0.16471212712365801
757,0.5095668536240949
758,0.07880697780478743
759,0.7448761098864424
760,0.30603589408956006
761,0.7187527903528712
762,0.8878632407311118
763,0.16793200502097197
764,0.15149105646708982
765,0.1402060805973249
766,0.5710234155570039
767,0.006973966333128743
768,0.23413618034688502
769,0.42074442538442225
770,0.6446647900271935
771,0.010680860317869622
772,0.7877980971978782
773,0.11188955005313733
774,0.6794650009912071
775,0.07472764430751191
776,0.04373477634711481
777,0.6218915072191549
778,0.054446079936749034
779,0.6776122759546888
780,0.08130006134410268
781,0.4348272798379905
782,0.6118258140397572
783,0.6641960867099009
784,0.00953798104316917
785,0.4933718727124085
786,0.1167601015824364
787,0.17554013515675976
788,0.48538620121855447
789,0.022081999026759655
790,0.5207974910343667
791,0.6721519898223558
792,0.03419399394266531
793,0.4497108731284277
794,0.6086453903609045
795,0.5379059651526138
796,0.292808046272195
797,0.00994586972670021
798,0.04206142613199835
799,0.057320286095930366
800,0.2799607329264575
801,0.34384451919218456
802,0.025921054533853686
803,0.770909905921374
804,0.006839995558113312
805,0.1581046580380868
806,0.003265667174260269
807,0.5927270445606988
808,0.19097521297705322
809,0.2167096878322551
810,0.14385947755302175
811,0.22044249756639994
812,0.32621857080484534
813,0.10581580098151509
814,0.053681950234899696
815,0.7124822051000927
816,0.17622182222081864
817,0.3625579041181083
818,0.012089081452674748
819,0.05861582754553784
820,0.07781934084084058
821,0.812544601507922
822,0.010550778277090505
823,0.02833395580374234
824,0.07223317018864749
825,0.01798940260714253
826,0.006611287114500885
827,0.5164120693966752
828,0.7415010947541183
829,0.7266504341012949
830,0.8792342357370799
831,0.9071074457624706
832,0.2596952774821599
833,0.30920008932797155
834,0.2940308000005368
835,0.3945397660816819
836,0.06025272177858787
837,0.7415289107629746
838,0.47295246992077933
839,0.2435668141340218
840,0.38712410645375217
841,0.3993040236176514
842,0.14957464400242843
843,0.3521309179484088
844,0.014482285574900956
845,0.4075619227551148
846,0.6170030166121874
847,0.8869920510022269
848,0.021609302890801162
849,0.2444433280976526
850,0.41452199156638814
851,0.08097333288446933
852,0.015853709565459864
853,0.21211019666593503
854,0.21965354731441517
855,0.06438418365896553
856,0.5460442294724315
857,0.1574673501125987
858,0.6931267887061086
859,0.006023342016928388
860,0.48924351339045197
861,0.11823984666312899
862,0.07158902891067875
863,0.6147704156522915
864,0.19139648443665808
865,0.015042814276689931
866,0.04183280131238089
867,0.40360885048331996
868,0.17217705723899565
869,0.30654166975409575
870,0.6472166128959511
871,0.07272833674548075
872,0.10322912365690336
873,0.4593619793401619
874,0.6593705404522829
875,0.46321734938188425
876,0.20791307247445032
877,0.08998826184252527
878,0.016726292543547062
879,0.11987496671689092
880,0.14576032517843093
881,0.06699090150551616
882,0.006313610283043382
883,0.766276810490527
884,0.05346781138227926
885,0.2878493837613565
886,0.1603991886002933
887,0.026196885393468174
888,0.0778703537659908
889,0.2958963563362352
890,0.27693174506552326
891,0.08202791651033652
892,0.012059396826709059
893,0.7161512328685194
894,0.02483483672701036
895,0.007451253619803972
896,0.03450556192515522
897,0.3808747800981651
898,0.08039939954252104
899,0.7621435588760388
900,0.012172043669306042
901,0.24543202862219388
902,0.14846923016051347
903,0.05205654885333724
904,0.19138642294583255
905,0.005379845290859222
906,0.4976225623459183
907,0.002511592308777857
908,0.029703795460062726
909,0.8787483935526295
910,0.014309733948293022
911,0.012976846242357407
912,0.005458890896981348
913,0.5387117306544574
914,0.14218341327529427
915,0.03117690502530442
916,0.6657925583121205
917,0.4603398596765612
918,0.32060809404627966
919,0.7550912571310169
920,0.26881051077208223
921,0.8525276422566596
922,0.16047030890447683
923,0.11265880293198456
924,0.4804102437714371
925,0.07535345631447948
926,0.0639099411500959
927,0.2596952774821599
928,0.05488383360721034
929,0.13089120312291905
930,0.8250893198357072
931,0.3793385809131621
932,0.7512555760894717
933,0.016967683900098993
934,0.10200230538495335
935,0.04921597161750122
936,0.00673831111700355
937,0.2563328623770872
938,0.23911774079827386
939,0.03783985893670064
940,0.0017137716216773077
941,0.7969745282364699
942,0.5833239088559211
943,0.003546242432988101
944,0.12386473444891269
945,0.7505755155556426
946,0.29692868107775033
947,0.04302552898254373
948,0.08467352321568204
949,0.3741226075629881
950,0.7986953770931106
951,0.019578222547612305
952,0.32810775248557256
953,0.42323277746549565
954,0.19281591253396962
955,0.1350414164435333
956,0.201463040655776
957,0.40266707464587703
958,0.02009822533441583
959,0.1095864638333823
960,0.4704420525994022
961,0.3934645441241864
962,0.10698541396243977
963,0.01944584861200789
964,0.6028859535989595
965,0.7339553155234402
966,0.16116350408316799
967,0.016258601392088276
968,0.09587429070534235
969,0.04499434875718888
970,0.014679717502838531
971,0.03866801207214813
972,0.3913385082372127
973,0.0821712524998629
974,0.0045207044727014695
975,0.4663690155653224
976,0.10886559406407265
977,0.07079696152541803
978,0.37865752440848616
979,0.04100191015369164
980,0.65384312888684
981,0.10723793711884326
982,0.3056300570694461
983,0.0027460298415920574
984,0.6692767762738028
985,0.03649479074654082
986,0.04707419930954324
987,0.5614320350545134
988,0.30138030429405704
989,0.045877668205954146
990,0.7072247763669786
991,0.573729484201379
992,0.17770812501068595
993,0.07457987610963696
994,0.7299484427549291
995,0.428272598025028
996,0.1734894579363313
997,0.0033686978634215625
998,0.8715863454783053
999,0.006032082440830153
1000,0.0184775576265077
1001,0.29298757373074547
1002,0.34402529131468235
1003,0.15059960871018607
1004,0.37163653104377714
1005,0.011430406333848633
1006,0.01589588924314698
1007,0.14102004269140478
1008,0.0661220781991622
1009,0.13824944794704427
1010,0.5544457553860552
1011,0.3240663066924671
1012,0.10330900993386208
1013,0.1030051475018186
1014,0.10624819995885137
1015,0.012689515425120331
1016,0.005757734159030062
1017,0.07319383313675441
1018,0.5430287081585244
1019,0.7786173781198598
1020,0.6166460031344538
1021,0.006005324406249774
1022,0.12576909088901891
1023,0.012450786959969694
1024,0.05543901545625958
1025,0.8798899218333719
1026,0.43235924506498896
1027,0.03922083997218462
1028,0.047057542101590445
1029,0.7092069385261073
1030,0.22422501660722693
1031,0.003536402031619617
1032,0.052288848229518424
1033,0.07748359084074403
1034,0.043968273272234494
1035,0.4919361048365845
1036,0.5507002972524255
1037,0.12030977203467759
1038,0.2901415434968382
1039,0.006517886213916862
1040,0.4464402548103558
1041,0.29049364655032955
1042,0.46711176432985696
1043,0.004842627163169276
1044,0.036451098535589296
1045,0.010108918476858375
1046,0.0030426385579259045
1047,0.16373377868504793
1048,0.7936632046419152
1049,0.03561731361638779
1050,0.10414367571722936
1051,0.04544948791982614
1052,0.1618199833424578
1053,0.036912992667741014
1054,0.006993047820324389
1055,0.049694079253633214
1056,0.1442784508824816
1057,0.11508430878491667
1058,0.11663116380076013
1059,0.46598505571655086
1060,0.361378290202397
1061,0.06698133233596584
1062,0.12236559528349591
1063,0.0134099804110263
1064,0.07442740478856538
1065,0.32171063980799325
1066,0.02466512782772209
1067,0.21216007551085775
1068,0.011768993409674224
1069,0.003367816800601271
1070,0.05105233343486674
1071,0.073752663814241
1072,0.07817627131904926
1073,0.18542806306956772
1074,0.030592295136890983
1075,0.008264878365337359
1076,0.057090210451030035
1077,0.41605474208663734
1078,0.12836609449913566
1079,0.6586080041730218
1080,0.009497014070783369
1081,0.8721135565928645
1082,0.46578685628181343
1083,0.04614936590290385
1084,0.618466213198536
1085,0.35840106524633336
1086,0.4326878514084135
1087,0.020719303332679524
1088,0.715746115228499
1089,0.812544601507922
1090,0.1738720585464096
1091,0.5525776023415272
1092,0.014384168533806276
1093,0.6784524292528372
1094,0.3055834780355859
1095,0.061255588506779694
1096,0.01708540868743797
1097,0.1257795963266586
1098,0.23358878470191896
1099,0.16433142637833936
1100,0.5343605198615868
1101,0.26763404809524544
1102,0.1701456803614651
1103,0.01131659714440311
1104,0.023282180328151412
1105,0.08251833760491648
1106,0.018347283900571196
1107,0.022249284777629035
1108,0.003995574441267485
1109,0.23513759496165387
1110,0.6999924158981911
1111,0.041566699809025415
1112,0.002565645490344688
1113,0.15373934186889374
1114,0.051343037205036496
1115,0.4338998253214066
1116,0.1392966485401843
1117,0.13864970251611933
1118,0.012577845976308483
1119,0.14005080534632794
1120,0.09732736348012026
1121,0.17974582223324473
1122,0.43021616023277764
1123,0.37580604589601013
1124,0.02103418230607018
1125,0.02178973575342461
1126,0.3767144443590917
1127,0.4767968143148537
1128,0.1350088949703585
1129,0.3505170275673974
1130,0.2958105516165443
1131,0.013043400099163204
1132,0.07050331512733946
1133,0.13087151611012934
1134,0.692137181349255
1135,0.6284816642243586
1136,0.00478155682289983
1137,0.024341053596030532
1138,0.534805198536229
1139,0.0050188449939022215
1140,0.6707467492600059
1141,0.5993124543111766
1142,0.06030557703410211
1143,0.06768178538897902
1144,0.348841577683302
1145,0.3140052345000982
1146,0.0922416092042538
1147,0.11557047645902854
1148,0.007552821879339554
1149,0.03180483185173137
1150,0.45128512002439797
1151,0.3313567223092587
1152,0.4961561245891878
1153,0.010794959049716826
1154,0.0963054697509478
1155,0.04825461944543694
1156,0.004062844288288471
1157,0.17060581203865421
1158,0.5699557785188174
1159,0.929338121179752
1160,0.007061290025779575
1161,0.25504657631839295
1162,0.20778615228909805
1163,0.3081033782714528
1164,0.011518054604179657
1165,0.6530423319557951
1166,0.11806308718093178
1167,0.006476690974130557
1168,0.11036536361196218
1169,0.0024153472029256975
1170,0.04637133348948054
1171,0.018128168301578665
1172,0.21454884829008458
1173,0.09280949828164622
1174,0.11461560018222115
1175,0.6642543613905622
1176,0.14338060294973226
1177,0.028107964625274068
1178,0.5230550384456127
1179,0.03967638920126938
1180,0.029007681637209168
1181,0.007920750090544259
1182,0.3766560787052049
1183,0.07315632225754999
1184,0.10684256102238704
1185,0.14325648651313905
1186,0.547407224892153
1187,0.5293367938148602
1188,0.0014368597953041107
1189,0.13245958791629536
1190,0.11235670007750842
1191,0.01751176127640763
1192,0.27629346392318554
1193,0.4278336330953067
1194,0.5604618536011363
1195,0.0537782689874856
1196,0.16709591082278824
1197,0.10554013312999588
1198,0.041763844461402855
1199,0.21702070556688208
1200,0.034546568211331286
1201,0.01775443461744452
1202,0.03839916517309524
1203,0.5782224483944681
1204,0.248342374581151
1205,0.17760125902203977
1206,0.5524429749444645
1207,0.04203902868232468
1208,0.36053082576248696
1209,0.0837902352605739
1210,0.46111359115617806
1211,0.03550914929038314
1212,0.047107123491978806
1213,0.8853428453708225
1214,0.18834526178400152
1215,0.3303006308262362
1216,0.19883953219905148
1217,0.6538283836918022
1218,0.2633133064217324
1219,0.06353158140575725
1220,0.010826290239008328
1221,0.3414726008941847
1222,0.8584784398931306
1223,0.395060658569074
1224,0.05825765393171301
1225,0.4674623092029049
1226,0.7550912571310169
1227,0.6772346815928505
1228,0.5064348980118556
1229,0.9303001865957529
1230,0.0060313704714549
1231,0.620626753196428
1232,0.6256987325673972
1233,0.4453722276746909
1234,0.14855833806222424
1235,0.004693753815580414
1236,0.9350436496705686
1237,0.6036575333898303
1238,0.6020857508521309
1239,0.01785446947555225
1240,0.17544067510600042
1241,0.0338306019264198
1242,0.010365091851657774
1243,0.7808850832977104
1244,0.004985417091302561
1245,0.10176574911483463
1246,0.4234147959732755
1247,0.13229268851413692
1248,0.0771239880548484
1249,0.1356567353018404
1250,0.04545991853227426
1251,0.3256744439179803
1252,0.005929524537096916
1253,0.9221233662885374
1254,0.11151279526943803
1255,0.0033380613746016763
1256,0.7468578769435156
1257,0.6789155952070688
1258,0.003456295369911669
1259,0.44986714908537
1260,0.8304379894908909
1261,0.020516182988198683
1262,0.12783372258328596
1263,0.2845125072384505
1264,0.17382776715249826
1265,0.2608234290008045
1266,0.43350467457045727
1267,0.25863075896479126
1268,0.6622868038637997
1269,0.38966646186355125
1270,0.014527023683516565
1271,0.011266816351220302
1272,0.08663025074354752
1273,0.024338819803820796
1274,0.007052961357810785
1275,0.21176435326345172
1276,0.010660482468987894
1277,0.0019629115279874063
1278,0.0471255484372327
1279,0.2851643103503747
1280,0.02091281167243984
1281,0.6835176704416153
1282,0.8535941739960181
1283,0.23421531018568814
1284,0.6420420800497562
1285,0.16592180720278085
1286,0.10765212137495266
1287,0.49517893784110895
1288,0.6226338222259495
1289,0.034371706890773304
1290,0.1927367720288243
1291,0.5920014588014647
1292,0.06314073126330423
1293,0.01968970615653414
1294,0.31955868454626274
1295,0.43773831496210186
1296,0.03841038549727506
1297,0.17734020288322683
1298,0.3458671194672825
1299,0.5639676102159501
1300,0.7192642861031213
1301,0.8135104686227503
1302,0.06285001719401909
1303,0.7048848320788315
1304,0.11616702170012291
1305,0.0651264899623587
1306,0.17805063348153358
1307,0.03663091560840789
1308,0.1501030273948297
1309,0.8531204517419341
1310,0.12305743773906988
1311,0.5230968669312924
1312,0.31896201758644616
1313,0.0237820170030503
1314,0.01484430896179253
1315,0.29042567608435793
1316,0.006555582451067932
1317,0.4751701853655102
1318,0.01773496184300019
1319,0.005483256262464145
1320,0.13684681973139715
1321,0.011000382691365137
1322,0.5053353635427945
1323,0.30886192193198475
1324,0.08586302661855459
1325,0.4857610703125613
1326,0.6112184503952703
1327,0.08668434130182585
1328,0.6954566033488043
1329,0.3393910236432005
1330,0.7537164219993695
1331,0.25684854644767385
1332,0.17917144280591382
1333,0.13335790955298163
1334,0.01107864036457252
1335,0.5903326848917134
1336,0.0266466851291397
1337,0.7290099343482017
1338,0.006727837074819854
1339,0.724967390781554
1340,0.015800496387244407
1341,0.24482407648827273
1342,0.012542370935285915
1343,0.08043595992664185
1344,0.016071055230275202
1345,0.12999996989278942
1346,0.058701817580146844
1347,0.007342904191764068
1348,0.7833901512769058
1349,0.006440365340150464
1350,0.017055563772531295
1351,0.014840861901037608
1352,0.048487529874280295
1353,0.4602291977488546
1354,0.31281615085044606
1355,0.6627827192254786
1356,0.06398401390478745
1357,0.4084499699295977
1358,0.008320495878852545
1359,0.22767254385669103
1360,0.20659836315008112
1361,0.12035156291886161
1362,0.5222816564241831
1363,0.010243411973558025
1364,0.1588921017144393
1365,0.4341646898134456
1366,0.12558844475878433
1367,0.03844362103853731
1368,0.14342812177775915
1369,0.08355023753753357
1370,0.03880747240656198
1371,0.8551668470963516
1372,0.01348316424003602
1373,0.22451650365995918
1374,0.016907037057498454
1375,0.2705616559429289
1376,0.07728094095476443
1377,0.4098920751279145
1378,0.34261397423352447
1379,0.1612818435351445
1380,0.7417950381957198
1381,0.5272690295683805
1382,0.3931834466611435
1383,0.0057908738120334
1384,0.390993416249634
1385,0.6706950441796042
1386,0.662104140150969
1387,0.0745574835337129
1388,0.648866483843694
1389,0.6564752281739202
1390,0.5285692116250373
1391,0.03003235951560402
1392,0.7183925412289591
1393,0.09250541801761761
1394,0.011124731171662175
1395,0.4450645313542889
1396,0.11448430418571871
1397,0.007242929352971427
1398,0.24283768196252303
1399,0.1581094532754788
1400,0.34466836060723827
1401,0.06307405212116808
1402,0.44986714908537
1403,0.009188845761529698
1404,0.07761708868130031
1405,0.22679883728012631
1406,0.32810775248557256
1407,0.4663210247733598
1408,0.07358159381833304
1409,0.0026077215567099194
1410,0.0327616203572762
1411,0.006227769024912037
1412,0.36752485434591137
1413,0.6569596270694847
1414,0.01219849718718753
1415,0.053485939091644626
1416,0.16226963434820643
1417,0.009410922667857839
1418,0.07247428240664221
1419,0.3957636455542027
1420,0.040783594647239005
1421,0.004016465762166677
1422,0.01281619881444729
1423,0.00659993360424349
1424,0.11114059002616243
1425,0.02197615852981237
1426,0.027018682519382956
1427,0.11581326791514616
1428,0.7925849272189988
1429,0.4170816550923414
1430,0.18582403847564163
1431,0.29430220584821054
1432,0.26776660216214143
1433,0.012731720205008306
1434,0.6525343046124881
1435,0.22165501805422788
1436,0.31674178352455223
1437,0.15227953305220723
1438,0.3998730388507891
1439,0.3300186540396964
1440,0.3693311182932213
1441,0.45638582519697257
1442,0.0728718674551032
1443,0.624899341476946
1444,0.15996219583414545
1445,0.2502343585424019
1446,0.1756514082551858
1447,0.16637004672861058
1448,0.11654258235858955
1449,0.9098858508602754
1450,0.039704813433807544
1451,0.7181657024735054
1452,0.5242655193900438
1453,0.009566924613115431
1454,0.14015589041058776
1455,0.036883099770496544
1456,0.09015047687916605
1457,0.1439051831673784
1458,0.3777069541201039
1459,0.8664347475904607
1460,0.7767694268158165
1461,0.005293274548759753
1462,0.011460518911823866
1463,0.3993040236176514
1464,0.4312732566036976
1465,0.5781678171032505
1466,0.05027897497570704
1467,0.009799038039331222
1468,0.016098847953729855
1469,0.42265340974023724
1470,0.22759918335542254
1471,0.05079600427678435
1472,0.3894357523551527
1473,0.38389736762951665
1474,0.31990490545486905
1475,0.8417958154002415
1476,0.01847573041223989
1477,0.0073103448320227535
1478,0.4500102953343469
1479,0.3112075623604673
1480,0.012740951066916688
1481,0.6297672526373753
1482,0.005622704619331231
1483,0.11497055971730154
1484,0.1472196533795033
1485,0.2596952774821599
1486,0.045033033564089935
1487,0.06444169485266432
1488,0.1733676818655252
1489,0.11543006072609917
1490,0.7299484427549291
1491,0.012496218620464917
1492,0.0028209297006920988
1493,0.17369500765854898
1494,0.6956752434242183
1495,0.3290584042233361
1496,0.3067211720172209
1497,0.25970616567595245
1498,0.28246000913373914
1499,0.14351155700095147
1500,0.017654921222597618
1501,0.014992510479467322
1502,0.004281732918892101
1503,0.09356520068012193
1504,0.9635373088488052
1505,0.3826191117585672
1506,0.6534522741643387
1507,0.2663612382378766
1508,0.6088559925959186
1509,0.43096593257827714
1510,0.17509559532619476
1511,0.010095139958659424
1512,0.12785545417282287
1513,0.251010529216363
1514,0.013452647097782105
1515,0.4610078293481542
1516,0.05962764920410342
1517,0.5733588295768184
1518,0.33968494085663775
1519,0.0939079984891024
1520,0.016359348446671428
1521,0.09918701794140254
1522,0.01002084062874116
1523,0.27646977831427677
1524,0.012439598558878983
1525,0.5429185538106719
1526,0.08646468490142314
1527,0.768591468205487
1528,0.10891215800734858
1529,0.6203632357415975
1530,0.24126723518454438
1531,0.1596484004524316
1532,0.005295102966785091
1533,0.14328542680616727
1534,0.019291712081360678
1535,0.14543668322513986
1536,0.05129592921344738
1537,0.2910742283625979
1538,0.0043246184873860245
1539,0.4217542582115278
1540,0.02582896430159188
1541,0.6591402976838658
1542,0.2595314607996306
1543,0.005841760661604019
1544,0.02273661076417392
1545,0.48032792176275013
1546,0.12301463773040612
1547,0.44378269402643433
1548,0.5088905861481141
1549,0.09775159428631772
1550,0.8822353157338179
1551,0.639333856915805
1552,0.3436190763760542
1553,0.005297062769669527
1554,0.011265907216097937
1555,0.04050466472208128
1556,0.20210104443356736
1557,0.6472517847841578
1558,0.023513796856632106
1559,0.016613733338246804
1560,0.39880223306303836
1561,0.0068705327759931555
1562,0.022122695801588776
1563,0.5558355290746381
1564,0.08402621283060581
1565,0.20818458187752073
1566,0.021851302691793657
1567,0.061832749769695806
1568,0.7256731751329326
1569,0.026327594775087844
1570,0.22585033147217182
1571,0.07453503084682397
1572,0.18062047170596873
1573,0.025305299069081445
1574,0.4745572568089276
1575,0.9010998771839922
1576,0.05224396031332679
1577,0.07115986970625703
1578,0.26882755400251934
1579,0.323993585852374
1580,0.8115935895569223
1581,0.029066096508203288
1582,0.32810775248557256
1583,0.013559684236820736
1584,0.48898488251153227
1585,0.3734917589326062
1586,0.024305976790087443
1587,0.06402021236713704
1588,0.005084322019211804
1589,0.4633121641975534
1590,0.23558849847586957
1591,0.3340440868333599
1592,0.8915538297576413
1593,0.25030143909356434
1594,0.004028010146789786
1595,0.4111499696948486
1596,0.18998529445003562
1597,0.10917786826627163
1598,0.12104342663028642
1599,0.3620499232645735
1600,0.5862759184877208
1601,0.37156904743471647
1602,0.6625832628578476
1603,0.5459296268365599
1604,0.024481895873221044
1605,0.14784254006452363
1606,0.20865138109169457
1607,0.16255041930718547
1608,0.011983159507263403
1609,0.6301322946303176
1610,0.05032908511496559
1611,0.2689603862409874
1612,0.8776075449659361
1613,0.09821902729503247
1614,0.3049782475425105
1615,0.17167571707827725
1616,0.31446753230154145
1617,0.1117389008067679
1618,0.4464855318359449
1619,0.3821168008398932
1620,0.015348303882506367
1621,0.26922020249899464
1622,0.03257702307033138
1623,0.3054037933364926
1624,0.023725310691364243
1625,0.05655160066874596
1626,0.005396842282115981
1627,0.05713014054664619
1628,0.5409235354747569
1629,0.3058924783930496
1630,0.06352238527014932
1631,0.029999718357357708
1632,0.2587385575060818
1633,0.1249959659614591
1634,0.12236144029245688
1635,0.011460518911823866
1636,0.009747987975100215
1637,0.94532183021149
1638,0.6558285681364616
1639,0.4581743122007246
1640,0.6697977570762509
1641,0.17885359317832786
1642,0.029294408742214784
1643,0.17236304791618398
1644,0.31378813669839456
1645,0.2974647575914772
1646,0.04699688893558441
1647,0.32599145495093756
1648,0.18587214275455718
1649,0.5895680167070638
1650,0.03414617564271185
1651,0.14569195270040375
1652,0.1667469578222609
1653,0.7110284412696997
1654,0.019622516878858607
1655,0.40705111249147025
1656,0.034549787198965703
1657,0.027436475395598705
1658,0.03751422069414394
1659,0.37433879031401734
1660,0.22029290350667685
1661,0.008134608787663658
1662,0.005715698258320161
1663,0.3056718798627238
1664,0.18994791394272892
1665,0.9071074457624706
1666,0.14281340037754645
1667,0.15061650888583478
1668,0.03311699460896504
1669,0.06968661481070564
1670,0.8499021862538789
1671,0.3551246960185566
1672,0.096183324862044
1673,0.11942893117986703
1674,0.020577993273061507
1675,0.3360827435837058
1676,0.4311585357753787
1677,0.01974814854467505
1678,0.4081642712097552
1679,0.15169003526449315
1680,0.11313790586443881
1681,0.012500994349042007
1682,0.6541093493223922
1683,0.3129904311974313
1684,0.547352377097193
1685,0.0063027224649626675
1686,0.762438856100604
1687,0.2238258581094488
1688,0.31170318942556485
1689,0.03407836403101264
1690,0.015791509721835146
1691,0.31148361491073323
1692,0.1506035229461197
1693,0.3205272961118879
1694,0.04806753509756531
1695,0.14275215399846927
1696,0.3639935193120833
1697,0.42495641625419095
1698,0.08407191417945677
1699,0.13071280308687158
1700,0.011084140320825294
1701,0.1356581812410857
1702,0.027968393400871747
1703,0.02198785379903964
1704,0.6182956826942961
1705,0.1300034627249134
1706,0.5065044931994169
1707,0.15860139495041234
1708,0.640775807810421
1709,0.5548753475890251
1710,0.009755419857485634
1711,0.44986714908537
1712,0.00950618926571661
1713,0.5224068013098916
1714,0.06614070226582376
1715,0.00847351760976692
1716,0.33608860962661746
1717,0.010937400171682722
1718,0.006289734645042916
1719,0.2462394809342553
1720,0.0027568794036029265
1721,0.6416864860813495
1722,0.47869869850981117
1723,0.008271380189036623
1724,0.7947006092340404
1725,0.41253576001672027
1726,0.4458423833557382
1727,0.0742259927325068
1728,0.020937967601231147
1729,0.7698902518192228
1730,0.6406588819259271
1731,0.5439552775069634
1732,0.3812738723873087
1733,0.07744579990438204
1734,0.26233503749935677
1735,0.45139230441446726
1736,0.08017000981711009
1737,0.6192702291260067
1738,0.015751007712070133
1739,0.007471386170595303
1740,0.5248920981204047
1741,0.17196855872597422
1742,0.0027624256042159253
1743,0.20861745943914983
1744,0.00602350597781729
1745,0.0046589428913316935
1746,0.26861848155373697
1747,0.0163363573046984
1748,0.10734631869754245
1749,0.00710318290599967
1750,0.261036480142566
1751,0.5186117051622275
1752,0.2328968458204589
1753,0.7575131027649528
1754,0.0288492293796131
1755,0.05470877687065526
1756,0.09991793183246563
1757,0.009883160081568873
1758,0.8625411640464201
1759,0.5548701365883094
1760,0.009238345089003716
