,Id,Churn
0,0,0.046106815141581076
1,1,0.7671842110722655
2,2,0.5566239062415889
3,3,0.026075581036831583
4,4,0.0014708032475629475
5,5,0.05786411899663639
6,6,0.3369042699997358
7,7,0.07213857512962885
8,8,0.004994561050857837
9,9,0.45179168566545996
10,10,0.10207477418146124
11,11,0.1785227184326211
12,12,0.41909423052885464
13,13,0.1313258520803862
14,14,0.009102799244012255
15,15,0.04669478733808516
16,16,0.10757511780325238
17,17,0.4364667134867416
18,18,0.00497235589718335
19,19,0.055302680403569095
20,20,0.0865468406878629
21,21,0.003955546804481909
22,22,0.860808728538196
23,23,0.3544495086236271
24,24,0.14534712528606958
25,25,0.13593554861573995
26,26,0.05541304092131177
27,27,0.019521356082147154
28,28,0.017744918965422078
29,29,0.0009822932628586478
30,30,0.5034688581598871
31,31,0.3101618596089276
32,32,0.7539943922821674
33,33,0.49538910443570494
34,34,0.09078879157703151
35,35,0.08339614491113709
36,36,0.5889131190446797
37,37,0.031126182351643147
38,38,0.08298424037616274
39,39,0.010924864840241714
40,40,0.25936761480330195
41,41,0.4633332188261554
42,42,0.36925494835320394
43,43,0.14386490650823458
44,44,0.21503469347076
45,45,0.198575732010477
46,46,0.1626570674311435
47,47,0.034136547828934126
48,48,0.25251222600568357
49,49,0.1063659435402175
50,50,0.33872650333443927
51,51,0.7674717840171886
52,52,0.25195339804319267
53,53,0.17037935198612064
54,54,0.6369399335120907
55,55,0.01045590034843363
56,56,0.013949813265101202
57,57,0.8797525336310136
58,58,0.6707310931552225
59,59,0.09117962328680017
60,60,0.00481545684777928
61,61,0.32133114826041426
62,62,0.09482065668883251
63,63,0.06610975932046749
64,64,0.7193254071063656
65,65,0.00839221335633437
66,66,0.13133787042945452
67,67,0.5298263838744338
68,68,0.009364569091736642
69,69,0.7298473833834873
70,70,0.8217271958393434
71,71,0.5377181626936972
72,72,0.018329008113932736
73,73,0.4614420637383446
74,74,0.8775335306476001
75,75,0.03897796512942938
76,76,0.10533644639180156
77,77,0.020353527564492463
78,78,0.2056412485152399
79,79,0.009580321618796572
80,80,0.402540160471508
81,81,0.8014331602630145
82,82,0.8331318237431654
83,83,0.319162566660607
84,84,0.12136472130281103
85,85,0.05274699726788528
86,86,0.014110974454733286
87,87,0.30676648257112366
88,88,0.13513831163782677
89,89,0.12136472130281103
90,90,0.12080887946342747
91,91,0.08999729548211388
92,92,0.9110891601066974
93,93,0.7836560420963171
94,94,0.0008792041604297327
95,95,0.020602734028483363
96,96,0.049640563670400824
97,97,0.8131723109442751
98,98,0.47074106808719435
99,99,0.7881781746628455
100,100,0.013118481276479087
101,101,0.9784429109544462
102,102,0.0020437704142033343
103,103,0.6221806390035182
104,104,0.0025154901183564175
105,105,0.959470856608392
106,106,0.12342758319424968
107,107,0.1382707904739883
108,108,0.00799745393887388
109,109,0.10668297024965047
110,110,0.25750648205281973
111,111,0.04995271121138801
112,112,0.3547978362735235
113,113,0.45381656487205035
114,114,0.0012932270079512107
115,115,0.9281585615704696
116,116,0.00802059746001887
117,117,0.0016048101784186682
118,118,0.004641004138662467
119,119,0.7910614035806677
120,120,0.09745169766235744
121,121,0.03943102148910194
122,122,0.16549593165000936
123,123,0.23440775129902372
124,124,0.16167969641227334
125,125,0.24413485120379672
126,126,0.5900431236085057
127,127,0.2049786709696913
128,128,0.4180968084491511
129,129,0.19025133674249745
130,130,0.20970246008717866
131,131,0.05352079566657616
132,132,0.0035584924956793577
133,133,0.022469218984087456
134,134,0.24444112574212828
135,135,0.021686373661264146
136,136,0.02064677680920653
137,137,0.005078238648818332
138,138,0.008741160522018097
139,139,0.06797502169399659
140,140,0.0042416866074210585
141,141,0.010664854265402842
142,142,0.22352282136672816
143,143,0.0248285358120594
144,144,0.21199712923238365
145,145,0.05884630283317558
146,146,0.15171862855722562
147,147,0.007203891827503673
148,148,0.005903660785010189
149,149,0.7613921150743339
150,150,0.016000854938456113
151,151,0.7560193713015017
152,152,0.20773154342605019
153,153,0.013545934428454984
154,154,0.5738293265310717
155,155,0.9210882138854786
156,156,0.018886528002545592
157,157,0.11669469937271623
158,158,0.005851524485103977
159,159,0.03956298748482657
160,160,0.1886308102123976
161,161,0.7008935546029857
162,162,0.09123478471787673
163,163,0.004853624425592446
164,164,0.5875356827275361
165,165,0.1288728867459007
166,166,0.05859898410676334
167,167,0.25165744254206407
168,168,0.010712101134840755
169,169,0.7246600719651215
170,170,0.967678465830582
171,171,0.024096083016823533
172,172,0.38377642729819106
173,173,0.28141745263058904
174,174,0.228248199346133
175,175,0.34323070429939095
176,176,0.12618167478693168
177,177,0.027831480832155055
178,178,0.009687494987581874
179,179,0.865957407543173
180,180,0.12078521033996899
181,181,0.1289269679865818
182,182,0.031018788449015105
183,183,0.07635791578608576
184,184,0.23466637386564038
185,185,0.016835555740752853
186,186,0.14434265013497297
187,187,0.004823499029848853
188,188,0.005881734263522485
189,189,0.015769994148527994
190,190,0.016507106070430693
191,191,0.0050043603176587155
192,192,0.28706442601906695
193,193,0.06767749557599091
194,194,0.447473489452347
195,195,0.33022520283423473
196,196,0.02619678955403914
197,197,0.06917381623929152
198,198,0.33417537335861797
199,199,0.6432727228527345
200,200,0.42646224749039535
201,201,0.589326040015025
202,202,0.11087224348810881
203,203,0.6403796196830918
204,204,0.03296101609409777
205,205,0.0050861199260795065
206,206,0.012209525832312659
207,207,0.6013256093981922
208,208,0.429841879386914
209,209,0.6158226224734343
210,210,0.1815393377373177
211,211,0.02020776362342413
212,212,0.39219042796237147
213,213,0.0168510961195083
214,214,0.027856013044026646
215,215,0.946589974845693
216,216,0.9206071324583239
217,217,0.8906529371903709
218,218,0.1963264029315229
219,219,0.49709129622684745
220,220,0.303571230155374
221,221,0.016517877756813685
222,222,0.014420328140849169
223,223,0.30056540893859957
224,224,0.003654043057459124
225,225,0.7948237589059565
226,226,0.2952845424476051
227,227,0.046692823087167434
228,228,0.407135028312807
229,229,0.513556552889571
230,230,0.005048748322002549
231,231,0.01335389288769584
232,232,0.2748950949657393
233,233,0.009632238875439451
234,234,0.03382304841482041
235,235,0.007827041361297063
236,236,0.6888279905654242
237,237,0.22867199981704733
238,238,0.03165310985491381
239,239,0.46842327541870876
240,240,0.31423338059844697
241,241,0.017375330808152217
242,242,0.046962313170474196
243,243,0.4112136344509375
244,244,0.010008242688048542
245,245,0.1938044339712484
246,246,0.00663622332015134
247,247,0.0034446799841789983
248,248,0.21227179012220804
249,249,0.005171073606028448
250,250,0.00014221727286943667
251,251,0.02611678524272793
252,252,0.126628547459354
253,253,0.32487934773047883
254,254,0.3863594200188031
255,255,0.5585567721461588
256,256,0.045058885653300386
257,257,0.04554330916352607
258,258,0.09837868849808196
259,259,0.564458083670646
260,260,0.10572342558220907
261,261,0.25189220234755894
262,262,0.25488593328663195
263,263,0.4507086090890914
264,264,0.6327169447910993
265,265,0.5859070952756928
266,266,0.6927532829340194
267,267,0.2070414130633284
268,268,0.11801578277867092
269,269,0.08115964944010291
270,270,0.00473762942782925
271,271,0.0022597935267122545
272,272,0.42154574966203157
273,273,0.3667341665393099
274,274,0.008677871821486065
275,275,0.264991727422111
276,276,0.001447732680618647
277,277,0.13045364442669488
278,278,0.05594136183455975
279,279,0.011793601093100289
280,280,0.5463808720339508
281,281,0.0457756257220613
282,282,0.49625042461184027
283,283,0.000961450347256829
284,284,0.07094684372074724
285,285,0.0037406421238783726
286,286,0.003717558327708587
287,287,0.00572686817096054
288,288,0.09653473839930057
289,289,0.4895843282566678
290,290,0.27169659758429915
291,291,0.7044685585414535
292,292,0.07390889531775682
293,293,0.27226349850813025
294,294,0.17366050972468788
295,295,0.01931102232036331
296,296,0.06087078602839461
297,297,0.5819674646754707
298,298,0.00245448168304259
299,299,0.22082638250587844
300,300,0.035539455357474846
301,301,0.11567602649684527
302,302,0.047452724698569905
303,303,0.7427446899928193
304,304,0.005950720234804858
305,305,0.18073154461495203
306,306,0.3021528422320995
307,307,0.5430072979030048
308,308,0.6816179457656012
309,309,0.9729834278570034
310,310,0.07316814797030403
311,311,0.0005575587793606974
312,312,0.13891907819392374
313,313,0.014089065246131993
314,314,0.37367131420633604
315,315,0.917025204830264
316,316,0.03540722691500752
317,317,0.12563311444090747
318,318,0.7010718734099106
319,319,0.5873053862359099
320,320,0.28347099196478803
321,321,0.6317335065620214
322,322,0.42017739245942776
323,323,0.08371069165414212
324,324,0.01682752036023239
325,325,0.9351214673517649
326,326,0.005473574793549671
327,327,0.14350987796362055
328,328,0.0023584107127939467
329,329,0.17807702154640276
330,330,0.22044889029764245
331,331,0.3828810314932171
332,332,0.3407346645512449
333,333,0.28855841349831957
334,334,0.7102621994122592
335,335,0.07063238862103982
336,336,0.01463219349751555
337,337,0.08355308393809247
338,338,0.018146054896846633
339,339,0.016587661724108374
340,340,0.4065165636246611
341,341,0.2952575056309309
342,342,0.010180420989852746
343,343,0.22442726839077853
344,344,0.017161736663801514
345,345,0.011602366195970704
346,346,0.40009757664461953
347,347,0.6364929386882479
348,348,0.006302173951292145
349,349,0.21722425693521172
350,350,0.03171028508372823
351,351,0.011870514816408785
352,352,0.1848576076349118
353,353,0.0234338091403438
354,354,0.12901217068424561
355,355,0.008437498862506559
356,356,0.8509445579600299
357,357,0.5310646852605634
358,358,0.6187671324927047
359,359,0.7392096019491929
360,360,0.17934840518342218
361,361,0.004578212886854691
362,362,0.17286206616682692
363,363,0.08960410564820451
364,364,0.5024177542368352
365,365,0.006908221174898048
366,366,0.002671462706511777
367,367,0.13289609103833538
368,368,0.024308625909048573
369,369,0.07729897616537852
370,370,0.024285056009286834
371,371,0.14313026430608883
372,372,0.01546076095506011
373,373,0.8598603428177377
374,374,0.0027842407516591
375,375,0.05621276889665493
376,376,0.2359496942020136
377,377,0.05627845262769764
378,378,0.6910568336124397
379,379,0.6224526765484233
380,380,0.0852548844500929
381,381,0.051188280907939775
382,382,0.028041691473175596
383,383,0.5347134005463278
384,384,0.18554184345226377
385,385,0.31248564752092556
386,386,0.5803841304313453
387,387,0.0067276621113244285
388,388,0.006735695003426086
389,389,0.004119677724390779
390,390,0.8899015727974878
391,391,0.006147128902589545
392,392,0.33666197505671
393,393,0.1580077722237333
394,394,0.026150446005634792
395,395,0.40324003994819146
396,396,0.010924864840241714
397,397,0.015172339465963474
398,398,0.15948109144606834
399,399,0.00318176944032489
400,400,0.3603159461998802
401,401,0.03483850523341316
402,402,0.0009183051047632929
403,403,0.29383979026492474
404,404,0.03845442721029775
405,405,0.327968385826699
406,406,0.7084051844548458
407,407,0.18023724608534022
408,408,0.12909038850475155
409,409,0.003289277015757142
410,410,0.053819180821944375
411,411,0.01987589335717523
412,412,0.5541251286523508
413,413,0.5134552791938402
414,414,0.28890251288879093
415,415,0.07068471141856636
416,416,0.004982725592939467
417,417,0.37882860377472044
418,418,0.025011819790190275
419,419,0.03973889028282972
420,420,0.5838346565247671
421,421,0.0944473158627672
422,422,0.42702604159231433
423,423,0.06297483728772778
424,424,0.06698825993542418
425,425,0.5473988175494923
426,426,0.1051386058055639
427,427,0.01577534266177553
428,428,0.9648403559246399
429,429,0.17169629368973938
430,430,0.02058509556396954
431,431,0.15633828979615835
432,432,0.38050170774218617
433,433,0.7609008757010425
434,434,0.7343028339515153
435,435,0.7292783433274354
436,436,0.00033487764230404705
437,437,0.010462549292216749
438,438,0.1468047639698275
439,439,0.12893088801261965
440,440,0.060187068667716885
441,441,0.21747685844058504
442,442,0.14225200474576905
443,443,0.02278356914652322
444,444,0.4333339824398673
445,445,0.00982295622310972
446,446,0.01600716046634348
447,447,0.07077819492561797
448,448,0.2864940397330899
449,449,0.007634916826077346
450,450,0.4494714741264644
451,451,0.4463303813336215
452,452,0.0026046651093892224
453,453,0.5240981790082343
454,454,0.007759072924334331
455,455,0.02130394576014096
456,456,0.149751214098904
457,457,0.002392528674005931
458,458,0.00742931518758706
459,459,0.03629284837670769
460,460,0.3537181448496143
461,461,0.015604792033886095
462,462,0.013664129614196876
463,463,0.008829043351856834
464,464,0.5088043270318463
465,465,0.38236690912768945
466,466,0.01160127237796274
467,467,0.7715560838656965
468,468,0.2742509072449634
469,469,0.030413901862988955
470,470,0.23212740051211103
471,471,0.603515994819656
472,472,0.28890251288879093
473,473,0.20499214118602727
474,474,0.18817366233921362
475,475,0.06721981330500056
476,476,0.9074957560080208
477,477,0.010525787768675406
478,478,0.07049866791926612
479,479,0.261438696006129
480,480,0.15809387710529663
481,481,0.010427382880375072
482,482,0.12797649733199506
483,483,0.6150898909732346
484,484,0.035304321318313764
485,485,0.6424585412803773
486,486,0.353371564219942
487,487,0.34475860225367116
488,488,0.005285345622666613
489,489,0.03796301218204861
490,490,0.8363065100407626
491,491,0.7671482043537199
492,492,0.10288371594821012
493,493,0.040832576889085634
494,494,0.038352144028349175
495,495,0.011617779842448982
496,496,0.026639543071812367
497,497,0.03261424661785786
498,498,0.7034874568316092
499,499,0.03592345077561147
500,500,0.845602029968626
501,501,0.004726674520902208
502,502,0.15244886387015122
503,503,0.4198157854942816
504,504,0.26127652623849484
505,505,0.031572327340307293
506,506,0.18087523162768795
507,507,0.17436844866917112
508,508,0.5390956925367238
509,509,0.005937745044862734
510,510,0.870592805738358
511,511,0.14925650029145815
512,512,0.7101689132525749
513,513,0.39779644789526125
514,514,0.09916694899671002
515,515,0.0654870963763146
516,516,0.44357536160446626
517,517,0.9583262284615183
518,518,0.21363988877464116
519,519,0.00993599738346025
520,520,0.47957930446869734
521,521,0.011215510579030946
522,522,0.004607732445188408
523,523,0.06118347014221224
524,524,0.9206071324583239
525,525,0.14036645468543255
526,526,0.27596730870314773
527,527,0.07831019055422501
528,528,0.5720885816778127
529,529,0.01753741587745678
530,530,0.005188060320739161
531,531,0.015064903012066071
532,532,0.3613155668183897
533,533,0.29708761691292407
534,534,0.9240856243640153
535,535,0.7948035606865371
536,536,0.48782133115195736
537,537,0.11509586587999861
538,538,0.41601787066859675
539,539,0.030503908722492177
540,540,0.6332796896738231
541,541,0.6704197540161003
542,542,0.16678303955302384
543,543,0.13090907227330448
544,544,0.11464633679219816
545,545,0.13148745898199385
546,546,0.2966970193412604
547,547,0.01740117491197366
548,548,0.24176627216634022
549,549,0.04781581705079755
550,550,0.01823844215197724
551,551,0.005919783938744385
552,552,0.028156657022526184
553,553,0.1835827173137372
554,554,0.10840406987724557
555,555,0.02945037528086302
556,556,0.9604675256394252
557,557,0.4737668689706526
558,558,0.04637717402359601
559,559,0.3675526569446652
560,560,0.1566481372139935
561,561,0.004498242404774073
562,562,0.020146608590370287
563,563,0.0029049298265043846
564,564,0.23921542856556297
565,565,0.2621853218831506
566,566,0.41173359523981384
567,567,0.07929206785688467
568,568,0.6821488120997551
569,569,0.0811539030546923
570,570,0.0060397198919800886
571,571,0.6053984840968496
572,572,0.5641729793493122
573,573,0.16141665545150938
574,574,0.012492733757429226
575,575,0.27775294212749824
576,576,0.23119459391386019
577,577,0.6497740577677039
578,578,0.7615908774000024
579,579,0.8530786264927754
580,580,0.04049533212312161
581,581,0.6237402036515913
582,582,0.0029223125926198987
583,583,0.00811983300844482
584,584,0.27115784273936827
585,585,0.005267892249925806
586,586,0.08245543066968715
587,587,0.023020026051901097
588,588,0.8258533960906947
589,589,0.1782384426170567
590,590,0.969592914847547
591,591,0.044200924727980095
592,592,0.5479703152462694
593,593,0.04694007513075681
594,594,0.3552081791098408
595,595,0.2870894905392569
596,596,0.004372195601103699
597,597,0.448185945818198
598,598,0.5522175985762213
599,599,0.014949149974067853
600,600,0.002334698710994148
601,601,0.0986363708267941
602,602,0.035263675519478774
603,603,0.8005190493541052
604,604,0.0122351368183807
605,605,0.138660169346286
606,606,0.09701566158257813
607,607,0.7431405795437447
608,608,0.04401475857838963
609,609,0.12958923123847663
610,610,0.3757513417446632
611,611,0.14740317180077148
612,612,0.329416886541447
613,613,0.09637915101684764
614,614,0.013205016458302249
615,615,0.004440629811121462
616,616,0.3563532037788536
617,617,0.23264273643856465
618,618,0.002897584916166789
619,619,0.1044144036334285
620,620,0.01188085813651917
621,621,0.24402789799039024
622,622,0.8131723109442751
623,623,0.9291030071857277
624,624,0.009797163727966234
625,625,0.11757507572178838
626,626,0.008118397767622604
627,627,0.015283927420225111
628,628,0.7578653756998082
629,629,0.21140353820365101
630,630,0.2760595753042633
631,631,0.01847805298969193
632,632,0.31901979826995747
633,633,0.010013027537319575
634,634,0.43999838917265366
635,635,0.01572617945211194
636,636,0.043917768895325095
637,637,0.2904399132724328
638,638,0.05177386715096431
639,639,0.49410102605862755
640,640,0.8928720653835854
641,641,0.10068802316637965
642,642,0.1468771907661132
643,643,0.08023945550345275
644,644,0.45001315165091504
645,645,0.010004160964509297
646,646,0.14567987522244408
647,647,0.03229655480445076
648,648,0.0021553580388263653
649,649,0.011307698732915712
650,650,0.02569095835809022
651,651,0.6719938542095606
652,652,0.025910785931347793
653,653,0.4648496318016127
654,654,0.13423220488939538
655,655,0.6060794264409195
656,656,0.1729390177149123
657,657,0.15090551773863722
658,658,0.003550223953496174
659,659,0.22916094026753797
660,660,0.03961742346248801
661,661,0.026921869708379096
662,662,0.3750580370549268
663,663,0.3850088157997463
664,664,0.029349957045230538
665,665,0.7359133702959699
666,666,0.9318647311823129
667,667,0.02400618675554716
668,668,0.00630746842164291
669,669,0.006339710606057366
670,670,0.009351937826063365
671,671,0.39502788820801665
672,672,0.31889094991011674
673,673,0.18769618802047408
674,674,0.7715589603961583
675,675,0.05314824589932604
676,676,0.005504264237779693
677,677,0.16405417821155047
678,678,0.1553574903979537
679,679,0.7474700664211151
680,680,0.41627070683593603
681,681,0.19228934276154522
682,682,0.001033980876961608
683,683,0.34977082221817357
684,684,0.03829532058961185
685,685,0.12140096067824162
686,686,0.02320284500955839
687,687,0.0025733555120033584
688,688,0.2890008487496989
689,689,0.2363896020088126
690,690,0.46349926835197963
691,691,0.9530682121831026
692,692,0.14816784808435454
693,693,0.1366234574414109
694,694,0.0029893631101923787
695,695,0.6378096507207046
696,696,0.19717994114318563
697,697,0.0006866650741671503
698,698,0.022586943264123815
699,699,0.04952046613253634
700,700,0.02965034943144638
701,701,0.11916680766988742
702,702,0.43205783905701495
703,703,0.1311681846257049
704,704,0.9349824926314595
705,705,0.009830798838296918
706,706,0.05252620620208466
707,707,0.82486915185838
708,708,0.016522659760706913
709,709,0.025792980860462483
710,710,0.029109760218312474
711,711,0.19068625501219552
712,712,0.16213388588018907
713,713,0.33317597223801054
714,714,0.15368601078064476
715,715,0.03891653415848219
716,716,0.8859421876037439
717,717,0.012601856136762856
718,718,0.38991921753105147
719,719,0.9224393733301903
720,720,0.07633743969595319
721,721,0.05406821431311739
722,722,0.15742859856227534
723,723,0.39017195069993726
724,724,0.09356027152783815
725,725,0.6927461544338411
726,726,0.005104982259194271
727,727,0.5645655502813585
728,728,0.4997288363053012
729,729,0.009900281484204345
730,730,0.003155197664899756
731,731,0.7318370779430017
732,732,0.007935024965573984
733,733,0.008468440720095366
734,734,0.05388295819060578
735,735,0.7469521756654544
736,736,0.015956510239052563
737,737,0.2162260004840664
738,738,0.5230862471739877
739,739,0.1717103620002185
740,740,0.147203351201274
741,741,0.44788962793832343
742,742,0.3253135361865025
743,743,0.6261325964018161
744,744,0.040331528929206314
745,745,0.06847604651651866
746,746,0.031177831826140676
747,747,0.21979717823633674
748,748,0.0018561132723672678
749,749,0.28664936930440194
750,750,0.539445136495474
751,751,0.04007363082378172
752,752,0.0886002208450355
753,753,0.02090424292201988
754,754,0.6339057183680878
755,755,0.04165196005072989
756,756,0.15706646217657375
757,757,0.4578567542288321
758,758,0.05534724077622777
759,759,0.6766603408144665
760,760,0.30818449840457707
761,761,0.7992230530338928
762,762,0.8877132159399952
763,763,0.0817928692109175
764,764,0.18195410338839862
765,765,0.04609055097969254
766,766,0.5771736676314322
767,767,0.05778436013312361
768,768,0.11762376620971163
769,769,0.3379674639262792
770,770,0.5954932082951558
771,771,0.00505499816539534
772,772,0.7591195341949146
773,773,0.09797618485018973
774,774,0.3683398026242272
775,775,0.07705172964925597
776,776,0.03071061920474149
777,777,0.6833517994812064
778,778,0.027606426356564684
779,779,0.49653742078110846
780,780,0.08844466717651264
781,781,0.28134689191329315
782,782,0.46303235393765063
783,783,0.5746563578801513
784,784,0.0034437673753213646
785,785,0.6188135359128494
786,786,0.09916151904958882
787,787,0.19029841667649042
788,788,0.5290017850939379
789,789,0.015910316105056863
790,790,0.32679224129783024
791,791,0.6576235188498362
792,792,0.0206374677313264
793,793,0.4104742759654017
794,794,0.5557998988863828
795,795,0.7714165236239582
796,796,0.13146010558969043
797,797,0.0028273035589402606
798,798,0.015366169607724323
799,799,0.033344556397860894
800,800,0.285377885580625
801,801,0.26234673294060157
802,802,0.03336344551637005
803,803,0.840613593275164
804,804,0.001560665783005853
805,805,0.05210342268335253
806,806,0.0005052181429304025
807,807,0.690037549366073
808,808,0.1312382099981978
809,809,0.2581715422869928
810,810,0.08347938625498573
811,811,0.17070157435595867
812,812,0.3247160816095877
813,813,0.07952446331808645
814,814,0.02531697106695626
815,815,0.7675627106868327
816,816,0.042901023299046666
817,817,0.23729814747705627
818,818,0.007377357483041675
819,819,0.026455360679054265
820,820,0.0341983729707473
821,821,0.843683677155384
822,822,0.006859641263471616
823,823,0.014817178369410709
824,824,0.05252327876077322
825,825,0.01298074517352914
826,826,0.0056630004611316195
827,827,0.4476070475479915
828,828,0.7364606803051855
829,829,0.6824640026967069
830,830,0.9464154426105867
831,831,0.8928720653835854
832,832,0.20229491226282725
833,833,0.3722619300356015
834,834,0.2226958417191687
835,835,0.21278310762042976
836,836,0.04952672515419309
837,837,0.6917675518575293
838,838,0.4466337005803798
839,839,0.2617650667559319
840,840,0.21039014897919142
841,841,0.44883138573540327
842,842,0.04268977053982449
843,843,0.12360032876644951
844,844,0.024500503841053314
845,845,0.30055804126386104
846,846,0.5450471884039745
847,847,0.9577018807338485
848,848,0.02615675637195638
849,849,0.25057117161080705
850,850,0.38753024954109005
851,851,0.09343863168749587
852,852,0.022066442420547314
853,853,0.25139954426819167
854,854,0.10437611673061985
855,855,0.01893229942767374
856,856,0.3548133131939738
857,857,0.0709468562817798
858,858,0.5940758168921368
859,859,0.008557860682855896
860,860,0.3986007245730137
861,861,0.04161603581636958
862,862,0.0765638690620926
863,863,0.7073959206672694
864,864,0.08955432417908119
865,865,0.004281272985264522
866,866,0.012227721849607952
867,867,0.4912795663093943
868,868,0.30228584030802524
869,869,0.4172638355467221
870,870,0.7584201267704256
871,871,0.0411696645978116
872,872,0.044179213011160644
873,873,0.2581186112660478
874,874,0.5770962480340606
875,875,0.7663252657573436
876,876,0.17710792638793044
877,877,0.03677301195817428
878,878,0.009872280581805094
879,879,0.06028206660846439
880,880,0.12750782130652977
881,881,0.05316006813825009
882,882,0.012708692765308144
883,883,0.5827301101262207
884,884,0.42896432500035336
885,885,0.3886727558387345
886,886,0.1990784462360838
887,887,0.007150231063212906
888,888,0.14894209318093837
889,889,0.40413538563960233
890,890,0.26260197693653325
891,891,0.03204918802089596
892,892,0.002509713792817813
893,893,0.5267016075438168
894,894,0.014134523596223516
895,895,0.010980511251806603
896,896,0.029301773354780913
897,897,0.5108863227432991
898,898,0.35910000969725653
899,899,0.8306782354459256
900,900,0.008911002729124332
901,901,0.1871849325088573
902,902,0.2140262016245994
903,903,0.02709718018675627
904,904,0.10700061991238842
905,905,0.010723330377593309
906,906,0.3542836030695531
907,907,0.0025105982339488978
908,908,0.02414518401203271
909,909,0.7949553288976526
910,910,0.009852541202730854
911,911,0.010594522498210477
912,912,0.008048763082826706
913,913,0.49952805480041856
914,914,0.10177804949139245
915,915,0.01933886360266292
916,916,0.8107618342491468
917,917,0.22546475919237602
918,918,0.28856335064618865
919,919,0.8925063131342177
920,920,0.42277252689301253
921,921,0.9029295676119676
922,922,0.10858218773685678
923,923,0.00687114659087847
924,924,0.6691862758744025
925,925,0.10686704630303166
926,926,0.14668086585933598
927,927,0.23371095661082075
928,928,0.03156689839534269
929,929,0.16873922985126186
930,930,0.8450167655979417
931,931,0.251302662307011
932,932,0.7906821380765711
933,933,0.021314907080071655
934,934,0.0363729125060793
935,935,0.015927710051634774
936,936,0.000471064305915802
937,937,0.12002720177026543
938,938,0.10705344405180531
939,939,0.040713771567287706
940,940,0.0005000489212146121
941,941,0.8430571613817136
942,942,0.6854674328863133
943,943,0.0028064714636366634
944,944,0.05731457696764495
945,945,0.7610576111309189
946,946,0.37909410728117304
947,947,0.06715028819444217
948,948,0.028710134889462145
949,949,0.3663030566498243
950,950,0.8370922524225497
951,951,0.013608605794053867
952,952,0.295625310767947
953,953,0.4517669295632261
954,954,0.24697681155686604
955,955,0.08836702970049462
956,956,0.12262049552152642
957,957,0.35788493440067093
958,958,0.00971024924313218
959,959,0.15994275912963304
960,960,0.311700102848837
961,961,0.4890447611153543
962,962,0.07094366614427225
963,963,0.0077289746170280775
964,964,0.48752983695282864
965,965,0.657144622571411
966,966,0.06643941165137579
967,967,0.004251598396171583
968,968,0.12020195250180969
969,969,0.03759198039865205
970,970,0.02204842465132087
971,971,0.024591321474227004
972,972,0.4628953483592946
973,973,0.010902314327088521
974,974,0.006113838939269853
975,975,0.533260414996159
976,976,0.049657447052377374
977,977,0.030327979842184008
978,978,0.27242662874088636
979,979,0.005461257360908857
980,980,0.7698572479753472
981,981,0.0359959507431809
982,982,0.31738907945058237
983,983,0.0025764142731598666
984,984,0.6591446363793386
985,985,0.0715981441925937
986,986,0.042057675140859355
987,987,0.4346288526650888
988,988,0.2438746379993061
989,989,0.13089002545898806
990,990,0.7680108916549744
991,991,0.48567861786487565
992,992,0.050615748831722505
993,993,0.10729917922687672
994,994,0.4306089404794755
995,995,0.3089034839302774
996,996,0.1916161670564652
997,997,0.0025424746870252074
998,998,0.9454562326767597
999,999,0.006158982627304835
1000,1000,0.03796371258520134
1001,1001,0.5122375305329276
1002,1002,0.12136472130281103
1003,1003,0.1607331706211014
1004,1004,0.25857484066245134
1005,1005,0.003489049481237286
1006,1006,0.004289469122617472
1007,1007,0.09473007544275588
1008,1008,0.053543162166874
1009,1009,0.12220390708825919
1010,1010,0.6765001034324163
1011,1011,0.15984293665846996
1012,1012,0.06923181216916852
1013,1013,0.07211042960169588
1014,1014,0.02904954160454306
1015,1015,0.004488455546884589
1016,1016,0.007870689632380298
1017,1017,0.10291550357480031
1018,1018,0.6501603464549512
1019,1019,0.9078879157652644
1020,1020,0.6552625798309826
1021,1021,0.006016682037575239
1022,1022,0.02795505820708936
1023,1023,0.015895124530338256
1024,1024,0.030688181756156313
1025,1025,0.9228463915455337
1026,1026,0.40093531809482436
1027,1027,0.03195677186974346
1028,1028,0.08829982712457722
1029,1029,0.6532421107803814
1030,1030,0.250711631390684
1031,1031,0.0029956922431034114
1032,1032,0.0209181066045158
1033,1033,0.03225203423555562
1034,1034,0.03215809382653196
1035,1035,0.46893026619274514
1036,1036,0.6568671399538156
1037,1037,0.10481705481847571
1038,1038,0.22382920564059744
1039,1039,0.007925254528871177
1040,1040,0.35171975299370123
1041,1041,0.10636027861382762
1042,1042,0.0686709377031256
1043,1043,0.004534909085292467
1044,1044,0.011644984730408373
1045,1045,0.004654434727793723
1046,1046,0.0035631717740473596
1047,1047,0.14649705674437302
1048,1048,0.9658793568734771
1049,1049,0.044238818925232515
1050,1050,0.034329917214385934
1051,1051,0.027629494912110728
1052,1052,0.22658269570577755
1053,1053,0.01954380758881047
1054,1054,0.00533198092945342
1055,1055,0.014065330466469718
1056,1056,0.08283374298973477
1057,1057,0.07159479379042955
1058,1058,0.07389312187495937
1059,1059,0.37633018581295463
1060,1060,0.4173019520183932
1061,1061,0.06182069093665462
1062,1062,0.1297654421814993
1063,1063,0.00805544876138062
1064,1064,0.018462235327220917
1065,1065,0.46549875035818483
1066,1066,0.02517492872586213
1067,1067,0.14434157090777683
1068,1068,0.0048370224407823445
1069,1069,0.0003983184237154789
1070,1070,0.0056128533043363245
1071,1071,0.032849890903472706
1072,1072,0.10656860586444974
1073,1073,0.41452404945027865
1074,1074,0.010965471196598648
1075,1075,0.006106897803598341
1076,1076,0.04293722397864508
1077,1077,0.5172764832652924
1078,1078,0.05899498459733839
1079,1079,0.7715678334189923
1080,1080,0.021380463195848687
1081,1081,0.8557653302977487
1082,1082,0.17442732803132727
1083,1083,0.0625596413267205
1084,1084,0.542135763341962
1085,1085,0.3606071214479836
1086,1086,0.40191692912833576
1087,1087,0.017139773742917017
1088,1088,0.6937332974375432
1089,1089,0.8573272610230924
1090,1090,0.06880189594682348
1091,1091,0.574741587924909
1092,1092,0.0019945834620042576
1093,1093,0.42601854829288077
1094,1094,0.2621153077894578
1095,1095,0.04781061168813211
1096,1096,0.013878573621165319
1097,1097,0.15756452416474104
1098,1098,0.08611892404694436
1099,1099,0.13923558450253393
1100,1100,0.5763474144214592
1101,1101,0.3212483815428874
1102,1102,0.2922377717712736
1103,1103,0.0034138219744531077
1104,1104,0.010608081976273326
1105,1105,0.1509413050460187
1106,1106,0.015279511664244176
1107,1107,0.007490052000899626
1108,1108,0.0023673825993310612
1109,1109,0.15187991303740958
1110,1110,0.6919928586932207
1111,1111,0.030181534289472206
1112,1112,0.0028642369803852075
1113,1113,0.058374092282995
1114,1114,0.01470933199532347
1115,1115,0.4855384481869552
1116,1116,0.2018543805486008
1117,1117,0.20690253601068115
1118,1118,0.0185097477182677
1119,1119,0.09526086444011697
1120,1120,0.03027280443205164
1121,1121,0.253301052274622
1122,1122,0.48718243418851714
1123,1123,0.3185610154255422
1124,1124,0.01548142557058181
1125,1125,0.009984284591921893
1126,1126,0.3332239158528844
1127,1127,0.48892518506850097
1128,1128,0.09819450776433428
1129,1129,0.22463543135553946
1130,1130,0.1585577855940783
1131,1131,0.006461132002394465
1132,1132,0.04987042275181823
1133,1133,0.0685860480771951
1134,1134,0.7650469153064751
1135,1135,0.43756038518324364
1136,1136,0.021982025963193517
1137,1137,0.006932519305297569
1138,1138,0.4245542159013037
1139,1139,0.0043268181573431755
1140,1140,0.5855113460922324
1141,1141,0.6986079189404869
1142,1142,0.04090078051390867
1143,1143,0.06263315192337596
1144,1144,0.18886324998515497
1145,1145,0.30800112141529884
1146,1146,0.06478695814502525
1147,1147,0.17969719398927414
1148,1148,0.003822049846760086
1149,1149,0.013866737019412625
1150,1150,0.25471050420866054
1151,1151,0.16689584352937406
1152,1152,0.7709804544079669
1153,1153,0.005787769163418042
1154,1154,0.09676634899889784
1155,1155,0.043893839223187174
1156,1156,0.0015678779765440076
1157,1157,0.17782006754749208
1158,1158,0.48969605937949257
1159,1159,0.9523338277669483
1160,1160,0.004854780147739752
1161,1161,0.19294654115140875
1162,1162,0.16235615848038165
1163,1163,0.46936783963236056
1164,1164,0.00866510179133883
1165,1165,0.5106049850641058
1166,1166,0.08111183216111233
1167,1167,0.009063595138036977
1168,1168,0.19142321374574348
1169,1169,0.001328422673492668
1170,1170,0.015917403828795654
1171,1171,0.01334224514493499
1172,1172,0.16136337234522408
1173,1173,0.05955732750847723
1174,1174,0.08863518215208425
1175,1175,0.5853057040905396
1176,1176,0.23427342762578665
1177,1177,0.004501419410762235
1178,1178,0.7686928707664197
1179,1179,0.05840089315917887
1180,1180,0.02863384514858126
1181,1181,0.010420781050448408
1182,1182,0.3479617711809359
1183,1183,0.056962539692332316
1184,1184,0.10745022765053204
1185,1185,0.12212755877038613
1186,1186,0.479507741213098
1187,1187,0.4532600330052116
1188,1188,0.0006493196327407007
1189,1189,0.06977297721632678
1190,1190,0.13455844213066928
1191,1191,0.0029032154723827464
1192,1192,0.19661066696868362
1193,1193,0.3829449808964806
1194,1194,0.3614623364752996
1195,1195,0.031719423375096166
1196,1196,0.21508429067798618
1197,1197,0.0399736997914887
1198,1198,0.04633466353404169
1199,1199,0.07750851622278207
1200,1200,0.006033282257741807
1201,1201,0.01276729044745972
1202,1202,0.009855184315279358
1203,1203,0.5555942041418065
1204,1204,0.281720171081543
1205,1205,0.1851168257860977
1206,1206,0.4961124392845045
1207,1207,0.07132009946398887
1208,1208,0.30841492461918163
1209,1209,0.057578806685183656
1210,1210,0.20297320133465782
1211,1211,0.03174176110563394
1212,1212,0.03478593665111476
1213,1213,0.8625953275495315
1214,1214,0.13957541376611052
1215,1215,0.6651771359129511
1216,1216,0.2093617353518578
1217,1217,0.7539967915751936
1218,1218,0.2668872337282987
1219,1219,0.09786223863182482
1220,1220,0.010083320973388455
1221,1221,0.2682094640541701
1222,1222,0.810595590634478
1223,1223,0.4179812716990037
1224,1224,0.010061663456520462
1225,1225,0.4084188014271729
1226,1226,0.8925063131342177
1227,1227,0.5985274800881191
1228,1228,0.2913937378283138
1229,1229,0.976055337322594
1230,1230,0.006249847079838566
1231,1231,0.6499114407651428
1232,1232,0.7730316082688026
1233,1233,0.22081201641472428
1234,1234,0.1261231989075166
1235,1235,0.005814366106314615
1236,1236,0.9318647311823129
1237,1237,0.7726748077132435
1238,1238,0.7062879124900935
1239,1239,0.015467408885690467
1240,1240,0.1990448838144183
1241,1241,0.12528993017634688
1242,1242,0.004920392998825555
1243,1243,0.7875781758051598
1244,1244,0.007901684440564811
1245,1245,0.08863446249900393
1246,1246,0.5751967166655808
1247,1247,0.03504030698291264
1248,1248,0.03491007316629777
1249,1249,0.058941165796381735
1250,1250,0.005651546775639928
1251,1251,0.2823536171187781
1252,1252,0.001663734269504109
1253,1253,0.9375386341692068
1254,1254,0.03857187988648126
1255,1255,0.004300312584080906
1256,1256,0.5066665954638199
1257,1257,0.6141943304991361
1258,1258,0.00991013608582245
1259,1259,0.39883421811422876
1260,1260,0.8186489921946648
1261,1261,0.030995468032850214
1262,1262,0.1344102323999987
1263,1263,0.18665778397093669
1264,1264,0.10600247341319996
1265,1265,0.29195332444519845
1266,1266,0.24841155078761482
1267,1267,0.2252826312923777
1268,1268,0.7626728904182464
1269,1269,0.4133849873627286
1270,1270,0.020016579704911434
1271,1271,0.000637402399180398
1272,1272,0.024888062111652374
1273,1273,0.01093297313068314
1274,1274,0.004649993199073907
1275,1275,0.23823085970372593
1276,1276,0.0015537638367286966
1277,1277,0.0001913734096414727
1278,1278,0.01006930762849397
1279,1279,0.2777875228444815
1280,1280,0.011521353016700327
1281,1281,0.46309927222240316
1282,1282,0.9435244085760138
1283,1283,0.0999220176902961
1284,1284,0.6462354508176568
1285,1285,0.07426566036083222
1286,1286,0.054744176395844064
1287,1287,0.36344027326029626
1288,1288,0.650683558502568
1289,1289,0.008927721765553242
1290,1290,0.0664643897404811
1291,1291,0.5102262304003291
1292,1292,0.043498517659083046
1293,1293,0.034650239817312196
1294,1294,0.3127669605167145
1295,1295,0.5182725804124346
1296,1296,0.03392642620043998
1297,1297,0.19958129551094791
1298,1298,0.2346868493607062
1299,1299,0.5208000857954761
1300,1300,0.7449321261001735
1301,1301,0.7912856856281538
1302,1302,0.08969940896696349
1303,1303,0.6065399145908669
1304,1304,0.03273285704052834
1305,1305,0.08575916269035529
1306,1306,0.20863710869778662
1307,1307,0.02528716867266356
1308,1308,0.13102600037956819
1309,1309,0.9168401605898083
1310,1310,0.0364103741836371
1311,1311,0.28588509784299954
1312,1312,0.6771185172167091
1313,1313,0.011221556337234866
1314,1314,0.0029665157064969476
1315,1315,0.15181359764433752
1316,1316,0.012711299989892684
1317,1317,0.42433164921140454
1318,1318,0.010566195580618347
1319,1319,0.0072963306279464095
1320,1320,0.075244265888748
1321,1321,0.00669887148399089
1322,1322,0.5270128127569129
1323,1323,0.19172601672382988
1324,1324,0.08292723299951808
1325,1325,0.6209409825877882
1326,1326,0.7567228147943892
1327,1327,0.04732952274185842
1328,1328,0.4806585993204926
1329,1329,0.3771884227809157
1330,1330,0.4936103002684095
1331,1331,0.22158964768964237
1332,1332,0.1907330839308578
1333,1333,0.05821404319656768
1334,1334,0.005064638951064377
1335,1335,0.6612479627872222
1336,1336,0.015725439463940935
1337,1337,0.6813370799339693
1338,1338,0.006532134387674521
1339,1339,0.5820340779172563
1340,1340,0.010719239304350212
1341,1341,0.19138906722197924
1342,1342,0.021678865169166256
1343,1343,0.32694144101824085
1344,1344,0.01186004644345725
1345,1345,0.24578108646226732
1346,1346,0.044735588716659835
1347,1347,0.010057940721177366
1348,1348,0.7672330117171396
1349,1349,0.004700133549152208
1350,1350,0.010004453832060731
1351,1351,0.007975332141396485
1352,1352,0.05223061022510874
1353,1353,0.1263285142662685
1354,1354,0.2117725273795736
1355,1355,0.547980477561325
1356,1356,0.014207122136469895
1357,1357,0.45496196926618976
1358,1358,0.003240569138311782
1359,1359,0.27072961196835177
1360,1360,0.10319495234196634
1361,1361,0.10815492477033489
1362,1362,0.37822633777337755
1363,1363,0.003620044676616309
1364,1364,0.04766934178662431
1365,1365,0.6633998817562458
1366,1366,0.05487556802133139
1367,1367,0.04514069049126401
1368,1368,0.1185754152870349
1369,1369,0.09427452634925519
1370,1370,0.04624349268922082
1371,1371,0.760616283960413
1372,1372,0.00903942660848503
1373,1373,0.17437521367399436
1374,1374,0.006718756892368542
1375,1375,0.20822687052161795
1376,1376,0.039234511318778094
1377,1377,0.5330558536062632
1378,1378,0.23954283725695988
1379,1379,0.03408555943586295
1380,1380,0.7727463577715312
1381,1381,0.5037283204304103
1382,1382,0.35504949733427876
1383,1383,0.010414465775879046
1384,1384,0.35921546907388263
1385,1385,0.7203493861868375
1386,1386,0.577688198049194
1387,1387,0.053238286507660965
1388,1388,0.4389296394584205
1389,1389,0.7607400433010708
1390,1390,0.681422183408259
1391,1391,0.015397197139068711
1392,1392,0.7110178635426506
1393,1393,0.08065606429137077
1394,1394,0.008352304449337409
1395,1395,0.25148206660762046
1396,1396,0.04977059925869688
1397,1397,0.00954884005308764
1398,1398,0.211199058872845
1399,1399,0.09016319972773061
1400,1400,0.24462421780017599
1401,1401,0.02880580142015997
1402,1402,0.47543797475731
1403,1403,0.005253800569160316
1404,1404,0.031805181678448105
1405,1405,0.07443592834461393
1406,1406,0.304125812337087
1407,1407,0.46585233195161646
1408,1408,0.06860412242720829
1409,1409,0.001108294857408658
1410,1410,0.11928904072317495
1411,1411,0.005512516312947638
1412,1412,0.7932258208544481
1413,1413,0.5395203365592434
1414,1414,0.013884619375575193
1415,1415,0.10989398924540054
1416,1416,0.1049389097745081
1417,1417,0.010254538091604768
1418,1418,0.05305626993705902
1419,1419,0.46926679474394795
1420,1420,0.022457234490229575
1421,1421,0.010172088854731021
1422,1422,0.014695581410318058
1423,1423,0.01056308196199692
1424,1424,0.03288969237641814
1425,1425,0.026759046033525503
1426,1426,0.04178325849089254
1427,1427,0.052494797793926594
1428,1428,0.6620704908908215
1429,1429,0.24092977252145487
1430,1430,0.06798273749617206
1431,1431,0.15258048677183805
1432,1432,0.2265509361316101
1433,1433,0.004550618192269587
1434,1434,0.8938898786352728
1435,1435,0.15577297590068265
1436,1436,0.26068995352206975
1437,1437,0.1422090710937067
1438,1438,0.3827470445949842
1439,1439,0.5065023798036372
1440,1440,0.28856335064618865
1441,1441,0.47287877585087523
1442,1442,0.06320420128987331
1443,1443,0.500959218730956
1444,1444,0.1409878741444754
1445,1445,0.12717611399713305
1446,1446,0.1912678318314356
1447,1447,0.07485931382672904
1448,1448,0.1414171079639245
1449,1449,0.9243185954777382
1450,1450,0.028478650575788897
1451,1451,0.8245127123553831
1452,1452,0.3529249538349907
1453,1453,0.002049783974085631
1454,1454,0.11532998777610597
1455,1455,0.03125881480675715
1456,1456,0.1559523368173897
1457,1457,0.09399383123788053
1458,1458,0.5413354868039676
1459,1459,0.8623723219717594
1460,1460,0.82486915185838
1461,1461,0.003999325147502173
1462,1462,0.0034462079745439253
1463,1463,0.34132131417134265
1464,1464,0.34925801517180927
1465,1465,0.49849672592490335
1466,1466,0.03292165472403309
1467,1467,0.015393128345555012
1468,1468,0.013643707044976118
1469,1469,0.48426098381146376
1470,1470,0.2082749486426026
1471,1471,0.021325636762991932
1472,1472,0.44527037752510396
1473,1473,0.49455601594708276
1474,1474,0.12608184415124665
1475,1475,0.8378390310805819
1476,1476,0.016154841350168692
1477,1477,0.0021412916625377903
1478,1478,0.3824462184512598
1479,1479,0.293504541758939
1480,1480,0.03261897615283841
1481,1481,0.7675399995121138
1482,1482,0.004669587195484543
1483,1483,0.06783618899369614
1484,1484,0.2327054969241626
1485,1485,0.20229491226282725
1486,1486,0.02084041108652441
1487,1487,0.027913118832705693
1488,1488,0.07184456678478456
1489,1489,0.09283197756245794
1490,1490,0.4306089404794755
1491,1491,0.0065653000674299935
1492,1492,0.004442353843661585
1493,1493,0.16448993369520162
1494,1494,0.7164906115679214
1495,1495,0.2665649376359718
1496,1496,0.2788495526923642
1497,1497,0.652310309480812
1498,1498,0.18400369226321706
1499,1499,0.061583749079258246
1500,1500,0.00456630331952422
1501,1501,0.017051038911503665
1502,1502,0.006070613964168265
1503,1503,0.06598727333363458
1504,1504,0.988593864370549
1505,1505,0.313946866124142
1506,1506,0.5329802898873143
1507,1507,0.19290079937661098
1508,1508,0.7130886260892925
1509,1509,0.5775075710899382
1510,1510,0.23568549461670088
1511,1511,0.006642160691383477
1512,1512,0.04098876773335967
1513,1513,0.1650071645672488
1514,1514,0.002190728302895226
1515,1515,0.5621203630343499
1516,1516,0.0321872163153609
1517,1517,0.527875188812306
1518,1518,0.3769666316886916
1519,1519,0.10384821354094448
1520,1520,0.008965431194157675
1521,1521,0.10623530941579501
1522,1522,0.004359720578797585
1523,1523,0.29467343214902214
1524,1524,0.024722981029348102
1525,1525,0.7187435440732403
1526,1526,0.09903546276773956
1527,1527,0.764127538367762
1528,1528,0.0445116709709927
1529,1529,0.4134607492612326
1530,1530,0.15706349802871264
1531,1531,0.055227834579761936
1532,1532,0.008852372152440483
1533,1533,0.11086075721216557
1534,1534,0.029929702948020633
1535,1535,0.13505944766984998
1536,1536,0.024243138641936997
1537,1537,0.25640147987857287
1538,1538,0.0036559888718485727
1539,1539,0.47736321485549216
1540,1540,0.02755291680887859
1541,1541,0.6906544756889413
1542,1542,0.25977744939521524
1543,1543,0.003679379635689051
1544,1544,0.052722556764445094
1545,1545,0.4585323745917225
1546,1546,0.3442820191513499
1547,1547,0.4338635957252597
1548,1548,0.6137891541544421
1549,1549,0.059174142793755304
1550,1550,0.9506624931287796
1551,1551,0.7289021588598604
1552,1552,0.4910533692202345
1553,1553,0.0057233755988396065
1554,1554,0.004399483219659361
1555,1555,0.020917850782647202
1556,1556,0.0526885550731229
1557,1557,0.46580506871250577
1558,1558,0.015096663207001466
1559,1559,0.017493568000985744
1560,1560,0.38016467169756457
1561,1561,0.003881406911444307
1562,1562,0.01599946332763384
1563,1563,0.24958829830419393
1564,1564,0.036848584912944196
1565,1565,0.17027117683319196
1566,1566,0.032736080917917326
1567,1567,0.03512534692142953
1568,1568,0.5514269573407155
1569,1569,0.004373785982371145
1570,1570,0.17172539965133046
1571,1571,0.04896138233962163
1572,1572,0.12143384098016674
1573,1573,0.008000382147440588
1574,1574,0.4125256230834678
1575,1575,0.9585277514552443
1576,1576,0.04560661559865004
1577,1577,0.048984909242761776
1578,1578,0.34796444595517
1579,1579,0.23938574282900385
1580,1580,0.71739886312887
1581,1581,0.023881866966878818
1582,1582,0.295625310767947
1583,1583,0.004749661111157954
1584,1584,0.51097420227764
1585,1585,0.6299854097869012
1586,1586,0.02411905522700398
1587,1587,0.08837168915931672
1588,1588,0.007855027160016537
1589,1589,0.3669798621795573
1590,1590,0.3135074586265899
1591,1591,0.27005198997347446
1592,1592,0.8795916108297763
1593,1593,0.19439398304642103
1594,1594,0.0014687296371636547
1595,1595,0.544711354294822
1596,1596,0.17389798512814034
1597,1597,0.10021738617709046
1598,1598,0.008619305191932273
1599,1599,0.624281820947647
1600,1600,0.4728952296628606
1601,1601,0.2670679471824869
1602,1602,0.707089902336311
1603,1603,0.6197543954011824
1604,1604,0.013680559428901722
1605,1605,0.048763784857291395
1606,1606,0.2215806194659606
1607,1607,0.2439994645070536
1608,1608,0.021577081315399205
1609,1609,0.5961254662013167
1610,1610,0.030000367786937376
1611,1611,0.3034913554853601
1612,1612,0.9766483682988749
1613,1613,0.03251954427797626
1614,1614,0.38099737010499457
1615,1615,0.11002122175015412
1616,1616,0.4532488672441243
1617,1617,0.10473603978131758
1618,1618,0.32973633175568035
1619,1619,0.19069853615589608
1620,1620,0.03351188084891303
1621,1621,0.22353472535484017
1622,1622,0.0536493072846619
1623,1623,0.3946900442286301
1624,1624,0.050624300594166206
1625,1625,0.02853828240641364
1626,1626,0.0010747030844331696
1627,1627,0.007922659801244835
1628,1628,0.8669022214362985
1629,1629,0.24253334504319463
1630,1630,0.061705207292342884
1631,1631,0.05981079676248651
1632,1632,0.1287855505877192
1633,1633,0.11932949173416989
1634,1634,0.056505663938770975
1635,1635,0.004888920167454044
1636,1636,0.000900840419227179
1637,1637,0.9724222646739163
1638,1638,0.7934742589917881
1639,1639,0.37948761708152806
1640,1640,0.4922496262902449
1641,1641,0.10289402170055645
1642,1642,0.014807580878948685
1643,1643,0.24053249276098657
1644,1644,0.13613905917286098
1645,1645,0.15448994072028208
1646,1646,0.03702560805860311
1647,1647,0.5222240767696193
1648,1648,0.1142082669403321
1649,1649,0.4108772564569258
1650,1650,0.023676470942917686
1651,1651,0.10863256938075953
1652,1652,0.14057834643261652
1653,1653,0.7740889696829372
1654,1654,0.0020524171594760027
1655,1655,0.2598121276837423
1656,1656,0.005399353757228271
1657,1657,0.04588088950271448
1658,1658,0.019284269712337855
1659,1659,0.25121197466025286
1660,1660,0.16886881118349772
1661,1661,0.0008200359735255029
1662,1662,0.010586096549653434
1663,1663,0.2244742200964528
1664,1664,0.19632549736191235
1665,1665,0.8928720653835854
1666,1666,0.07121969151179519
1667,1667,0.0288686291835126
1668,1668,0.021364172880042925
1669,1669,0.0438119516093576
1670,1670,0.919131452025818
1671,1671,0.5529758764799871
1672,1672,0.1370196873227657
1673,1673,0.09844316210219999
1674,1674,0.02711573314214835
1675,1675,0.40736267045912194
1676,1676,0.5128945367155375
1677,1677,0.02290135840235215
1678,1678,0.3265131316582468
1679,1679,0.11334435255547302
1680,1680,0.12691594431398973
1681,1681,0.011171363281357493
1682,1682,0.5593981235150369
1683,1683,0.19975444527114639
1684,1684,0.4949430758340217
1685,1685,0.008435891240968524
1686,1686,0.6765780947501163
1687,1687,0.12363140956337738
1688,1688,0.14429758988333774
1689,1689,0.020529368357397847
1690,1690,0.01303727118407406
1691,1691,0.43013971785393346
1692,1692,0.11075231797836495
1693,1693,0.24665636356240975
1694,1694,0.02463999748646566
1695,1695,0.16924346131464213
1696,1696,0.36308727469417273
1697,1697,0.8383981753215458
1698,1698,0.03812669682360708
1699,1699,0.1132602053015402
1700,1700,0.0021721294981040776
1701,1701,0.21370712401887862
1702,1702,0.010453976297634733
1703,1703,0.046171819649808946
1704,1704,0.6991435124635357
1705,1705,0.11052655789505135
1706,1706,0.3980534597938884
1707,1707,0.04322367209371233
1708,1708,0.8506146420896619
1709,1709,0.5075972908129851
1710,1710,0.010482438075445149
1711,1711,0.47543797475731
1712,1712,0.002940447562919282
1713,1713,0.7173059223976221
1714,1714,0.05921637473372393
1715,1715,0.007024210458502592
1716,1716,0.21437859127409203
1717,1717,0.008763394739984581
1718,1718,0.0032365493159054472
1719,1719,0.08791911225613525
1720,1720,0.0030322472800890445
1721,1721,0.6396766952512268
1722,1722,0.5021931867847731
1723,1723,0.005901678881785137
1724,1724,0.787212004115749
1725,1725,0.3425871203421844
1726,1726,0.6948480873433059
1727,1727,0.0613220031436866
1728,1728,0.02873115544819209
1729,1729,0.771465815579175
1730,1730,0.6719151648036367
1731,1731,0.4763294139158947
1732,1732,0.40220837037071916
1733,1733,0.025772259420775438
1734,1734,0.3825474857494107
1735,1735,0.5999133167566765
1736,1736,0.08470909258715754
1737,1737,0.6259462095831524
1738,1738,0.022588127474825248
1739,1739,0.00905656465992601
1740,1740,0.49729365596171177
1741,1741,0.10863103256492267
1742,1742,0.004306211779103537
1743,1743,0.06868017599242952
1744,1744,0.0038323407615479905
1745,1745,0.0012038522254216154
1746,1746,0.25930931500443727
1747,1747,0.018753032993640877
1748,1748,0.04935800800406144
1749,1749,0.0009237993251754282
1750,1750,0.19251796987543052
1751,1751,0.5982959084204871
1752,1752,0.3288379224772732
1753,1753,0.6773939592101083
1754,1754,0.056578234399852746
1755,1755,0.030312842209290664
1756,1756,0.09568724887631073
1757,1757,0.007770182410983352
1758,1758,0.8788684124001765
1759,1759,0.44718988464695875
1760,1760,0.005630269290208262
